,주용도코드명,대지위치
0,편의시설,대전광역시 동구 원동 20-1번지
1,편의시설,대전광역시 동구 원동 20-2번지
2,편의시설,대전광역시 동구 원동 20-3번지
3,편의시설,대전광역시 동구 원동 20-5번지
4,창고시설,대전광역시 동구 원동 20-6번지
5,편의시설,대전광역시 동구 원동 20-7번지
6,창고시설,대전광역시 동구 원동 20-8번지
7,편의시설,대전광역시 동구 원동 20-9번지
8,주거지,대전광역시 동구 원동 20-11번지
9,주거지,대전광역시 동구 원동 20-12번지
10,방송통신시설,대전광역시 동구 인동 6-1번지
11,편의시설,대전광역시 동구 인동 10-1번지
12,편의시설,대전광역시 동구 인동 10-2번지
13,주거지,대전광역시 동구 인동 10-3번지
14,창고시설,대전광역시 동구 인동 10-4번지
15,편의시설,대전광역시 동구 인동 10-5번지
16,주거지,대전광역시 동구 인동 10-6번지
17,주거지,대전광역시 동구 인동 10-7번지
18,편의시설,대전광역시 동구 인동 10-12번지
19,판매시설,대전광역시 동구 인동 11-1번지
20,방송통신시설,대전광역시 동구 효동 122-1번지
21,편의시설,대전광역시 동구 효동 125-1번지
22,편의시설,대전광역시 동구 효동 125-2번지
23,편의시설,대전광역시 동구 효동 125-3번지
24,주거지,대전광역시 동구 효동 125-4번지
25,생산시설,대전광역시 동구 효동 126-1번지
26,주거지,대전광역시 동구 효동 126-3번지
27,편의시설,대전광역시 동구 효동 126-5번지
28,편의시설,대전광역시 동구 효동 126-6번지
29,주거지,대전광역시 동구 효동 126-10번지
30,주거지,대전광역시 동구 천동
32,주거지,대전광역시 동구 천동 1번지
40,주거지,대전광역시 동구 가오동
41,편의시설,대전광역시 동구 가오동 7-8번지
42,주거지,대전광역시 동구 가오동 7-12번지
44,창고시설,대전광역시 동구 가오동 9번지
45,주거지,대전광역시 동구 가오동 17번지
46,주거지,대전광역시 동구 가오동 17-4번지
47,주거지,대전광역시 동구 가오동 17-5번지
48,주거지,대전광역시 동구 가오동 25번지
50,주거지,대전광역시 동구 신흥동 1-1번지
51,주거지,대전광역시 동구 신흥동 1-2번지
52,주거지,대전광역시 동구 신흥동 1-3번지
53,주거지,대전광역시 동구 신흥동 1-4번지
54,주거지,대전광역시 동구 신흥동 1-6번지
55,주거지,대전광역시 동구 신흥동 1-8번지
56,편의시설,대전광역시 동구 신흥동 1-10번지
57,주거지,대전광역시 동구 신흥동 1-12번지
58,주거지,대전광역시 동구 신흥동 1-13번지
59,주거지,대전광역시 동구 신흥동 1-14번지
60,주거지,대전광역시 동구 판암동 1번지
62,주거지,대전광역시 동구 판암동 1-2번지
63,주거지,대전광역시 동구 판암동 1-6번지
64,주거지,대전광역시 동구 판암동 1-10번지
65,주거지,대전광역시 동구 판암동 1-12번지
66,주거지,대전광역시 동구 판암동 2-1번지
67,주거지,대전광역시 동구 판암동 2-4번지
68,주거지,대전광역시 동구 판암동 6번지
70,주거지,대전광역시 동구 삼정동 1-7번지
71,편의시설,대전광역시 동구 삼정동 3-5번지
72,주거지,대전광역시 동구 삼정동 8-6번지
73,창고시설,대전광역시 동구 삼정동 24번지
74,편의시설,대전광역시 동구 삼정동 24-1번지
75,주거지,대전광역시 동구 삼정동 25번지
76,편의시설,대전광역시 동구 삼정동 25-3번지
77,님비시설,대전광역시 동구 삼정동 33번지
78,편의시설,대전광역시 동구 삼정동 35-3번지
80,주거지,대전광역시 동구 용운동
81,창고시설,대전광역시 동구 용운동 1번지
82,주거지,대전광역시 동구 용운동 1-587번지
83,주거지,대전광역시 동구 용운동 16-1번지
84,주거지,대전광역시 동구 용운동 26번지
85,님비시설,대전광역시 동구 용운동 38-12번지
88,주거지,대전광역시 동구 용운동 47-1번지
89,편의시설,대전광역시 동구 용운동 47-3번지
90,주거지,대전광역시 동구 대동 1-31번지
91,편의시설,대전광역시 동구 대동 1-35번지
92,주거지,대전광역시 동구 대동 1-41번지
93,주거지,대전광역시 동구 대동 1-46번지
94,주거지,대전광역시 동구 대동 1-50번지
95,주거지,대전광역시 동구 대동 1-62번지
96,주거지,대전광역시 동구 대동 1-74번지
97,주거지,대전광역시 동구 대동 1-79번지
98,주거지,대전광역시 동구 대동 1-105번지
99,주거지,대전광역시 동구 대동 1-108번지
100,교육연구시설,대전광역시 동구 자양동 2번지
110,주거지,대전광역시 동구 신안동 4번지
111,편의시설,대전광역시 동구 신안동 215-1번지
112,주거지,대전광역시 동구 신안동 215-3번지
113,주거지,대전광역시 동구 신안동 215-5번지
114,편의시설,대전광역시 동구 신안동 215-9번지
115,주거지,대전광역시 동구 신안동 215-10번지
117,주거지,대전광역시 동구 신안동 215-11번지
118,주거지,대전광역시 동구 신안동 215-15번지
119,주거지,대전광역시 동구 신안동 215-16번지
120,주거지,대전광역시 동구 소제동 218-7번지
121,주거지,대전광역시 동구 소제동 218-9번지
122,주거지,대전광역시 동구 소제동 218-12번지
123,주거지,대전광역시 동구 소제동 218-13번지
124,주거지,대전광역시 동구 소제동 218-15번지
125,주거지,대전광역시 동구 소제동 218-17번지
126,주거지,대전광역시 동구 소제동 218-19번지
127,주거지,대전광역시 동구 소제동 218-20번지
128,주거지,대전광역시 동구 소제동 218-22번지
129,주거지,대전광역시 동구 소제동 218-23번지
130,주거지,대전광역시 동구 가양동
135,편의시설,대전광역시 동구 가양동 3-1번지
136,주거지,대전광역시 동구 가양동 4번지
137,주거지,대전광역시 동구 가양동 4-5번지
138,주거지,대전광역시 동구 가양동 6-1번지
139,교육연구시설,대전광역시 동구 가양동 10번지
140,주거지,대전광역시 동구 용전동 1번지
150,주거지,대전광역시 동구 성남동
153,주거지,대전광역시 동구 성남동 1번지
158,주거지,대전광역시 동구 성남동 1-1번지
159,주거지,대전광역시 동구 성남동 1-4번지
160,편의시설,대전광역시 동구 홍도동 1-1번지
161,주거지,대전광역시 동구 홍도동 1-2번지
162,주거지,대전광역시 동구 홍도동 1-3번지
163,주거지,대전광역시 동구 홍도동 1-4번지
164,주거지,대전광역시 동구 홍도동 1-5번지
165,주거지,대전광역시 동구 홍도동 1-7번지
166,주거지,대전광역시 동구 홍도동 1-8번지
167,주거지,대전광역시 동구 홍도동 1-9번지
168,주거지,대전광역시 동구 홍도동 1-10번지
169,주거지,대전광역시 동구 홍도동 1-11번지
170,주거지,대전광역시 동구 삼성동 10-43번지
171,주거지,대전광역시 동구 삼성동 11번지
172,주거지,대전광역시 동구 삼성동 15번지
173,주거지,대전광역시 동구 삼성동 28-22번지
174,주거지,대전광역시 동구 삼성동 39-22번지
175,주거지,대전광역시 동구 삼성동 80번지
176,주거지,대전광역시 동구 삼성동 80-23번지
177,주거지,대전광역시 동구 삼성동 80-26번지
178,주거지,대전광역시 동구 삼성동 80-32번지
179,편의시설,대전광역시 동구 삼성동 80-37번지
181,편의시설,대전광역시 동구 정동 1번지
183,생산시설,대전광역시 동구 정동 1-1번지
190,주거지,대전광역시 동구 중동 1번지
192,편의시설,대전광역시 동구 중동 1-1번지
193,편의시설,대전광역시 동구 중동 1-2번지
195,편의시설,대전광역시 동구 중동 1-3번지
196,편의시설,대전광역시 동구 중동 1-5번지
197,주거지,대전광역시 동구 중동 1-6번지
198,창고시설,대전광역시 동구 중동 1-7번지
199,편의시설,대전광역시 동구 중동 1-9번지
200,농축산업시설,대전광역시 동구 추동 189-1번지
201,주거지,대전광역시 동구 추동 200-1번지
202,주거지,대전광역시 동구 추동 200-2번지
203,주거지,대전광역시 동구 추동 200-3번지
204,주거지,대전광역시 동구 추동 200-5번지
205,주거지,대전광역시 동구 추동 200-6번지
206,주거지,대전광역시 동구 추동 200-8번지
207,주거지,대전광역시 동구 추동 200-10번지
208,주거지,대전광역시 동구 추동 200-11번지
209,주거지,대전광역시 동구 추동 200-12번지
210,주거지,대전광역시 동구 비룡동 16-7번지
211,주거지,대전광역시 동구 비룡동 16-8번지
212,주거지,대전광역시 동구 비룡동 16-9번지
213,주거지,대전광역시 동구 비룡동 16-10번지
214,주거지,대전광역시 동구 비룡동 16-17번지
215,주거지,대전광역시 동구 비룡동 42-2번지
216,편의시설,대전광역시 동구 비룡동 76-2번지
217,주거지,대전광역시 동구 비룡동 76-4번지
218,주거지,대전광역시 동구 비룡동 78-2번지
219,주거지,대전광역시 동구 비룡동 79-1번지
220,주거지,대전광역시 동구 주산동 44-1번지
221,주거지,대전광역시 동구 주산동 44-2번지
222,주거지,대전광역시 동구 주산동 44-3번지
223,주거지,대전광역시 동구 주산동 44-4번지
224,주거지,대전광역시 동구 주산동 44-5번지
225,주거지,대전광역시 동구 주산동 44-8번지
226,주거지,대전광역시 동구 주산동 44-12번지
227,주거지,대전광역시 동구 주산동 44-17번지
228,주거지,대전광역시 동구 주산동 44-18번지
229,편의시설,대전광역시 동구 주산동 44-32번지
230,님비시설,대전광역시 동구 마산동 94-1번지
232,편의시설,대전광역시 동구 마산동 96번지
233,주거지,대전광역시 동구 마산동 133-4번지
234,주거지,대전광역시 동구 마산동 135-2번지
235,주거지,대전광역시 동구 마산동 150번지
237,창고시설,대전광역시 동구 마산동 195-2번지
238,편의시설,대전광역시 동구 마산동 269-2번지
240,주거지,대전광역시 동구 효평동 76번지
243,주거지,대전광역시 동구 효평동 77-2번지
244,주거지,대전광역시 동구 효평동 79번지
245,주거지,대전광역시 동구 효평동 80번지
246,주거지,대전광역시 동구 효평동 81-2번지
247,주거지,대전광역시 동구 효평동 137-2번지
248,주거지,대전광역시 동구 효평동 137-9번지
249,주거지,대전광역시 동구 효평동 148-4번지
250,주거지,대전광역시 동구 직동 114-1번지
251,주거지,대전광역시 동구 직동 114-2번지
252,주거지,대전광역시 동구 직동 114-3번지
253,주거지,대전광역시 동구 직동 114-5번지
254,주거지,대전광역시 동구 직동 114-6번지
255,주거지,대전광역시 동구 직동 114-7번지
257,창고시설,대전광역시 동구 직동 162-17번지
258,주거지,대전광역시 동구 직동 487번지
259,주거지,대전광역시 동구 직동 492-3번지
260,주거지,대전광역시 동구 세천동 4-2번지
261,주거지,대전광역시 동구 세천동 4-5번지
262,주거지,대전광역시 동구 세천동 4-6번지
263,주거지,대전광역시 동구 세천동 4-7번지
264,주거지,대전광역시 동구 세천동 5번지
265,주거지,대전광역시 동구 세천동 5-1번지
266,주거지,대전광역시 동구 세천동 5-3번지
268,주거지,대전광역시 동구 세천동 5-4번지
269,농축산업시설,대전광역시 동구 세천동 5-5번지
270,주거지,대전광역시 동구 신상동 39-1번지
272,주거지,대전광역시 동구 신상동 70번지
273,주거지,대전광역시 동구 신상동 70-1번지
274,편의시설,대전광역시 동구 신상동 75-1번지
275,주거지,대전광역시 동구 신상동 76-2번지
276,주거지,대전광역시 동구 신상동 77-1번지
277,주거지,대전광역시 동구 신상동 77-2번지
278,주거지,대전광역시 동구 신상동 78번지
280,주거지,대전광역시 동구 신하동 5-2번지
281,주거지,대전광역시 동구 신하동 8-1번지
282,주거지,대전광역시 동구 신하동 8-2번지
283,주거지,대전광역시 동구 신하동 8-3번지
285,주거지,대전광역시 동구 신하동 8-4번지
287,주거지,대전광역시 동구 신하동 9-2번지
288,주거지,대전광역시 동구 신하동 10번지
289,주거지,대전광역시 동구 신하동 10-2번지
290,편의시설,대전광역시 동구 신촌동 9번지
291,편의시설,대전광역시 동구 신촌동 9-1번지
292,창고시설,대전광역시 동구 신촌동 39-2번지
293,주거지,대전광역시 동구 신촌동 49번지
295,주거지,대전광역시 동구 신촌동 52-1번지
299,주거지,대전광역시 동구 신촌동 55-1번지
300,주거지,대전광역시 동구 사성동 29-2번지
301,주거지,대전광역시 동구 사성동 30번지
302,주거지,대전광역시 동구 사성동 30-1번지
308,주거지,대전광역시 동구 사성동 31-1번지
310,주거지,대전광역시 동구 오동 4-7번지
311,주거지,대전광역시 동구 오동 11번지
312,주거지,대전광역시 동구 오동 20번지
314,편의시설,대전광역시 동구 오동 39-1번지
315,주거지,대전광역시 동구 오동 86-1번지
316,주거지,대전광역시 동구 오동 87번지
317,주거지,대전광역시 동구 오동 90번지
318,주거지,대전광역시 동구 오동 90-1번지
320,편의시설,대전광역시 동구 주촌동 139-1번지
321,주거지,대전광역시 동구 주촌동 141-6번지
322,주거지,대전광역시 동구 주촌동 152-1번지
324,주거지,대전광역시 동구 주촌동 160-7번지
327,주거지,대전광역시 동구 주촌동 160-9번지
330,방송통신시설,대전광역시 동구 낭월동
331,주거지,대전광역시 동구 낭월동 2-2번지
332,농축산업시설,대전광역시 동구 낭월동 7-1번지
333,농축산업시설,대전광역시 동구 낭월동 9-3번지
334,창고시설,대전광역시 동구 낭월동 10번지
335,주거지,대전광역시 동구 낭월동 10-1번지
336,주거지,대전광역시 동구 낭월동 10-11번지
337,주거지,대전광역시 동구 낭월동 10-32번지
338,편의시설,대전광역시 동구 낭월동 11-1번지
339,농축산업시설,대전광역시 동구 낭월동 11-2번지
340,주거지,대전광역시 동구 대별동 1-3번지
341,님비시설,대전광역시 동구 대별동 2-5번지
343,주거지,대전광역시 동구 대별동 3-2번지
344,자원순환관련시설,대전광역시 동구 대별동 7-1번지
345,자동차관련시설,대전광역시 동구 대별동 7-4번지
347,편의시설,대전광역시 동구 대별동 9-2번지
348,편의시설,대전광역시 동구 대별동 20번지
350,편의시설,대전광역시 동구 이사동 1-2번지
351,주거지,대전광역시 동구 이사동 1-3번지
352,주거지,대전광역시 동구 이사동 1-8번지
353,편의시설,대전광역시 동구 이사동 1-9번지
354,주거지,대전광역시 동구 이사동 1-12번지
356,주거지,대전광역시 동구 이사동 1-14번지
357,편의시설,대전광역시 동구 이사동 1-16번지
358,주거지,대전광역시 동구 이사동 1-18번지
359,주거지,대전광역시 동구 이사동 1-20번지
360,주거지,대전광역시 동구 대성동
370,주거지,대전광역시 동구 장척동 35번지
371,창고시설,대전광역시 동구 장척동 141-2번지
372,편의시설,대전광역시 동구 장척동 206-3번지
373,주거지,대전광역시 동구 장척동 207-2번지
374,편의시설,대전광역시 동구 장척동 231-1번지
375,주거지,대전광역시 동구 장척동 233번지
376,주거지,대전광역시 동구 장척동 234번지
378,주거지,대전광역시 동구 장척동 234-1번지
379,주거지,대전광역시 동구 장척동 234-3번지
380,농축산업시설,대전광역시 동구 소호동 11-2번지
381,농축산업시설,대전광역시 동구 소호동 11-6번지
384,창고시설,대전광역시 동구 소호동 11-8번지
385,주거지,대전광역시 동구 소호동 20번지
386,주거지,대전광역시 동구 소호동 25번지
387,주거지,대전광역시 동구 소호동 26-1번지
388,주거지,대전광역시 동구 소호동 26-9번지
389,주거지,대전광역시 동구 소호동 32번지
390,창고시설,대전광역시 동구 구도동 2-1번지
391,창고시설,대전광역시 동구 구도동 13번지
392,농축산업시설,대전광역시 동구 구도동 13-1번지
393,주거지,대전광역시 동구 구도동 66번지
394,농축산업시설,대전광역시 동구 구도동 73번지
395,자동차관련시설,대전광역시 동구 구도동 77-1번지
400,농축산업시설,대전광역시 동구 삼괴동 35번지
401,주거지,대전광역시 동구 삼괴동 43-1번지
402,주거지,대전광역시 동구 삼괴동 43-3번지
403,주거지,대전광역시 동구 삼괴동 43-13번지
404,주거지,대전광역시 동구 삼괴동 43-14번지
405,주거지,대전광역시 동구 삼괴동 43-15번지
406,주거지,대전광역시 동구 삼괴동 43-16번지
407,주거지,대전광역시 동구 삼괴동 43-17번지
408,주거지,대전광역시 동구 삼괴동 43-19번지
409,주거지,대전광역시 동구 삼괴동 43-20번지
410,주거지,대전광역시 동구 상소동
411,편의시설,대전광역시 동구 상소동 1번지
412,농축산업시설,대전광역시 동구 상소동 11-1번지
413,편의시설,대전광역시 동구 상소동 18-2번지
415,편의시설,대전광역시 동구 상소동 27번지
416,편의시설,대전광역시 동구 상소동 50번지
418,주거지,대전광역시 동구 상소동 112번지
419,주거지,대전광역시 동구 상소동 133번지
420,편의시설,대전광역시 동구 하소동 7번지
421,편의시설,대전광역시 동구 하소동 36-1번지
422,농축산업시설,대전광역시 동구 하소동 37-3번지
424,농축산업시설,대전광역시 동구 하소동 39번지
425,주거지,대전광역시 동구 하소동 39-1번지
426,농축산업시설,대전광역시 동구 하소동 40번지
427,편의시설,대전광역시 동구 하소동 48번지
428,편의시설,대전광역시 동구 하소동 49-2번지
429,농축산업시설,대전광역시 동구 하소동 51-1번지
430,주거지,대전광역시 중구 은행동 1번지
433,편의시설,대전광역시 중구 은행동 1-1번지
435,편의시설,대전광역시 중구 은행동 1-2번지
436,주거지,대전광역시 중구 은행동 1-3번지
437,주거지,대전광역시 중구 은행동 1-5번지
438,주거지,대전광역시 중구 은행동 1-6번지
439,편의시설,대전광역시 중구 은행동 1-7번지
440,편의시설,대전광역시 중구 선화동 1-19번지
441,판매시설,대전광역시 중구 선화동 3-1번지
442,편의시설,대전광역시 중구 선화동 3-3번지
443,교육연구시설,대전광역시 중구 선화동 4번지
444,교육연구시설,대전광역시 중구 선화동 5-2번지
445,편의시설,대전광역시 중구 선화동 6-1번지
446,편의시설,대전광역시 중구 선화동 6-2번지
447,편의시설,대전광역시 중구 선화동 6-3번지
448,자동차관련시설,대전광역시 중구 선화동 6-4번지
450,편의시설,대전광역시 중구 목동 1-1번지
451,교육연구시설,대전광역시 중구 목동 1-2번지
452,주거지,대전광역시 중구 목동 1-4번지
453,주거지,대전광역시 중구 목동 1-72번지
455,편의시설,대전광역시 중구 목동 1-73번지
456,편의시설,대전광역시 중구 목동 1-74번지
458,편의시설,대전광역시 중구 목동 1-111번지
459,주거지,대전광역시 중구 목동 1-112번지
460,주거지,대전광역시 중구 중촌동 7번지
462,주거지,대전광역시 중구 중촌동 7-1번지
463,주거지,대전광역시 중구 중촌동 7-4번지
464,주거지,대전광역시 중구 중촌동 9-2번지
465,주거지,대전광역시 중구 중촌동 9-8번지
466,편의시설,대전광역시 중구 중촌동 10-2번지
470,주거지,대전광역시 중구 대흥동 1-1번지
471,편의시설,대전광역시 중구 대흥동 1-2번지
472,편의시설,대전광역시 중구 대흥동 1-7번지
473,주거지,대전광역시 중구 대흥동 1-9번지
475,편의시설,대전광역시 중구 대흥동 1-11번지
477,편의시설,대전광역시 중구 대흥동 1-12번지
478,편의시설,대전광역시 중구 대흥동 1-13번지
479,편의시설,대전광역시 중구 대흥동 1-14번지
480,주거지,대전광역시 중구 문창동 1번지
486,편의시설,대전광역시 중구 문창동 2-1번지
487,주거지,대전광역시 중구 문창동 2-2번지
490,주거지,대전광역시 중구 석교동 4-1번지
491,주거지,대전광역시 중구 석교동 4-2번지
493,주거지,대전광역시 중구 석교동 4-3번지
494,주거지,대전광역시 중구 석교동 4-4번지
496,주거지,대전광역시 중구 석교동 4-6번지
498,주거지,대전광역시 중구 석교동 4-7번지
499,주거지,대전광역시 중구 석교동 4-8번지
500,주거지,대전광역시 중구 호동 4-1번지
501,편의시설,대전광역시 중구 호동 4-9번지
502,편의시설,대전광역시 중구 호동 7-1번지
503,주거지,대전광역시 중구 호동 7-2번지
505,주거지,대전광역시 중구 호동 7-3번지
507,주거지,대전광역시 중구 호동 7-4번지
508,편의시설,대전광역시 중구 호동 7-7번지
510,주거지,대전광역시 중구 옥계동 4-1번지
511,주거지,대전광역시 중구 옥계동 4-2번지
512,편의시설,대전광역시 중구 옥계동 4-6번지
513,편의시설,대전광역시 중구 옥계동 4-7번지
515,주거지,대전광역시 중구 옥계동 4-13번지
517,주거지,대전광역시 중구 옥계동 4-14번지
519,주거지,대전광역시 중구 옥계동 4-15번지
520,편의시설,대전광역시 중구 대사동 3번지
521,주거지,대전광역시 중구 대사동 15-4번지
522,주거지,대전광역시 중구 대사동 35-80번지
523,주거지,대전광역시 중구 대사동 62-2번지
524,편의시설,대전광역시 중구 대사동 62-3번지
525,편의시설,대전광역시 중구 대사동 62-6번지
526,편의시설,대전광역시 중구 대사동 62-8번지
527,편의시설,대전광역시 중구 대사동 62-9번지
528,편의시설,대전광역시 중구 대사동 62-10번지
529,편의시설,대전광역시 중구 대사동 63-1번지
530,주거지,대전광역시 중구 부사동 13-74번지
532,주거지,대전광역시 중구 부사동 24-3번지
534,주거지,대전광역시 중구 부사동 33번지
535,주거지,대전광역시 중구 부사동 34-24번지
536,주거지,대전광역시 중구 부사동 75-24번지
537,주거지,대전광역시 중구 부사동 84-6번지
538,편의시설,대전광역시 중구 부사동 84-8번지
539,주거지,대전광역시 중구 부사동 84-15번지
540,편의시설,대전광역시 중구 용두동 1-5번지
541,주거지,대전광역시 중구 용두동 1-54번지
542,주거지,대전광역시 중구 용두동 2-2번지
543,주거지,대전광역시 중구 용두동 2-10번지
544,주거지,대전광역시 중구 용두동 7-2번지
545,주거지,대전광역시 중구 용두동 7-18번지
547,주거지,대전광역시 중구 용두동 7-58번지
548,주거지,대전광역시 중구 용두동 8번지
550,편의시설,대전광역시 중구 오류동 15-67번지
551,주거지,대전광역시 중구 오류동 17번지
552,주거지,대전광역시 중구 오류동 17-20번지
553,주거지,대전광역시 중구 오류동 34번지
554,주거지,대전광역시 중구 오류동 38번지
555,주거지,대전광역시 중구 오류동 51번지
557,주거지,대전광역시 중구 오류동 64번지
558,주거지,대전광역시 중구 오류동 69번지
559,주거지,대전광역시 중구 오류동 69-8번지
560,주거지,대전광역시 중구 태평동 26-39번지
561,문화및집회시설,대전광역시 중구 태평동 82-28번지
563,주거지,대전광역시 중구 태평동 253-1번지
570,주거지,대전광역시 중구 유천동 10번지
580,교육연구시설,대전광역시 중구 문화동
590,편의시설,대전광역시 중구 산성동
591,주거지,대전광역시 중구 산성동 5-1번지
592,주거지,대전광역시 중구 산성동 6-28번지
593,창고시설,대전광역시 중구 산성동 14-3번지
596,주거지,대전광역시 중구 산성동 14-16번지
598,주거지,대전광역시 중구 산성동 14-19번지
599,주거지,대전광역시 중구 산성동 16-2번지
600,주거지,대전광역시 중구 사정동
601,편의시설,대전광역시 중구 사정동 3-4번지
602,주거지,대전광역시 중구 사정동 26번지
603,주거지,대전광역시 중구 사정동 28-1번지
604,주거지,대전광역시 중구 사정동 32번지
605,주거지,대전광역시 중구 사정동 89번지
606,주거지,대전광역시 중구 사정동 93-1번지
607,주거지,대전광역시 중구 사정동 94번지
608,문화및집회시설,대전광역시 중구 사정동 100번지
610,주거지,대전광역시 중구 안영동
611,주거지,대전광역시 중구 안영동 30-10번지
613,편의시설,대전광역시 중구 안영동 71-1번지
619,주거지,대전광역시 중구 안영동 75-2번지
620,주거지,대전광역시 중구 무수동 67번지
623,편의시설,대전광역시 중구 무수동 83-2번지
624,주거지,대전광역시 중구 무수동 85번지
626,농축산업시설,대전광역시 중구 무수동 85-2번지
627,주거지,대전광역시 중구 무수동 90번지
629,주거지,대전광역시 중구 무수동 94번지
630,농축산업시설,대전광역시 중구 구완동 15-3번지
631,주거지,대전광역시 중구 구완동 65번지
638,주거지,대전광역시 중구 구완동 65-1번지
639,주거지,대전광역시 중구 구완동 70번지
640,주거지,대전광역시 중구 침산동 2-1번지
642,주거지,대전광역시 중구 침산동 7-2번지
644,창고시설,대전광역시 중구 침산동 14번지
645,편의시설,대전광역시 중구 침산동 63번지
646,주거지,대전광역시 중구 침산동 95번지
649,주거지,대전광역시 중구 침산동 101-1번지
650,주거지,대전광역시 중구 목달동
652,주거지,대전광역시 중구 목달동 23-1번지
654,주거지,대전광역시 중구 목달동 23-3번지
655,주거지,대전광역시 중구 목달동 31번지
658,주거지,대전광역시 중구 목달동 34번지
660,주거지,대전광역시 중구 정생동 9-1번지
663,주거지,대전광역시 중구 정생동 10-3번지
667,주거지,대전광역시 중구 정생동 10-6번지
668,주거지,대전광역시 중구 정생동 14-1번지
669,주거지,대전광역시 중구 정생동 14-3번지
670,주거지,대전광역시 중구 어남동 21번지
671,주거지,대전광역시 중구 어남동 30-2번지
673,주거지,대전광역시 중구 어남동 35-2번지
674,생산시설,대전광역시 중구 어남동 43번지
675,교육연구시설,대전광역시 중구 어남동 52-1번지
676,주거지,대전광역시 중구 어남동 52-2번지
678,주거지,대전광역시 중구 어남동 54번지
680,주거지,대전광역시 중구 금동 61번지
682,농축산업시설,대전광역시 중구 금동 121번지
683,주거지,대전광역시 중구 금동 122번지
684,주거지,대전광역시 중구 금동 123번지
685,주거지,대전광역시 중구 금동 124번지
686,주거지,대전광역시 중구 금동 125번지
688,주거지,대전광역시 중구 금동 127번지
690,편의시설,대전광역시 서구 복수동 3-2번지
691,주거지,대전광역시 서구 복수동 3-5번지
692,주거지,대전광역시 서구 복수동 3-7번지
693,창고시설,대전광역시 서구 복수동 23-1번지
694,주거지,대전광역시 서구 복수동 41번지
695,주거지,대전광역시 서구 복수동 66번지
696,주거지,대전광역시 서구 복수동 82번지
697,주거지,대전광역시 서구 복수동 92-1번지
699,편의시설,대전광역시 서구 복수동 92-3번지
700,편의시설,대전광역시 서구 변동 1-2번지
701,주거지,대전광역시 서구 변동 1-3번지
706,농축산업시설,대전광역시 서구 변동 1-5번지
707,주거지,대전광역시 서구 변동 1-10번지
708,주거지,대전광역시 서구 변동 1-13번지
709,주거지,대전광역시 서구 변동 1-15번지
710,주거지,대전광역시 서구 도마동 4-7번지
711,주거지,대전광역시 서구 도마동 4-13번지
712,주거지,대전광역시 서구 도마동 4-131번지
713,주거지,대전광역시 서구 도마동 4-149번지
714,주거지,대전광역시 서구 도마동 5-3번지
715,주거지,대전광역시 서구 도마동 8번지
716,님비시설,대전광역시 서구 도마동 14-1번지
718,편의시설,대전광역시 서구 도마동 14-2번지
719,주거지,대전광역시 서구 도마동 14-3번지
720,님비시설,대전광역시 서구 정림동 1-1번지
721,편의시설,대전광역시 서구 정림동 1-7번지
722,편의시설,대전광역시 서구 정림동 1-26번지
723,편의시설,대전광역시 서구 정림동 4-8번지
724,편의시설,대전광역시 서구 정림동 5-1번지
725,편의시설,대전광역시 서구 정림동 5-2번지
726,편의시설,대전광역시 서구 정림동 5-3번지
727,주거지,대전광역시 서구 정림동 5-4번지
728,주거지,대전광역시 서구 정림동 5-5번지
729,주거지,대전광역시 서구 정림동 5-6번지
730,주거지,대전광역시 서구 용문동 55-6번지
731,주거지,대전광역시 서구 용문동 101-8번지
732,주거지,대전광역시 서구 용문동 114-1번지
733,주거지,대전광역시 서구 용문동 173번지
734,주거지,대전광역시 서구 용문동 182-141번지
735,주거지,대전광역시 서구 용문동 200-32번지
736,생산시설,대전광역시 서구 용문동 206-1번지
737,자동차관련시설,대전광역시 서구 용문동 206-3번지
740,주거지,대전광역시 서구 탄방동 53-1번지
744,생산시설,대전광역시 서구 탄방동 53-2번지
745,편의시설,대전광역시 서구 탄방동 53-3번지
746,편의시설,대전광역시 서구 탄방동 53-4번지
747,편의시설,대전광역시 서구 탄방동 53-5번지
748,주거지,대전광역시 서구 탄방동 54-1번지
749,편의시설,대전광역시 서구 탄방동 54-2번지
750,주거지,대전광역시 서구 괴정동 1-1번지
751,편의시설,대전광역시 서구 괴정동 1-2번지
752,편의시설,대전광역시 서구 괴정동 1-3번지
753,편의시설,대전광역시 서구 괴정동 1-4번지
754,교육연구시설,대전광역시 서구 괴정동 1-5번지
755,주거지,대전광역시 서구 괴정동 1-7번지
756,주거지,대전광역시 서구 괴정동 1-12번지
757,주거지,대전광역시 서구 괴정동 1-14번지
758,주거지,대전광역시 서구 괴정동 1-37번지
759,주거지,대전광역시 서구 괴정동 2-1번지
760,주거지,대전광역시 서구 가장동 1번지
761,주거지,대전광역시 서구 가장동 1-18번지
762,주거지,대전광역시 서구 가장동 1-66번지
763,주거지,대전광역시 서구 가장동 1-67번지
764,주거지,대전광역시 서구 가장동 4-2번지
765,주거지,대전광역시 서구 가장동 6번지
766,주거지,대전광역시 서구 가장동 10번지
767,주거지,대전광역시 서구 가장동 11-1번지
768,주거지,대전광역시 서구 가장동 13번지
769,주거지,대전광역시 서구 가장동 16번지
770,편의시설,대전광역시 서구 내동 1-1번지
771,편의시설,대전광역시 서구 내동 1-4번지
772,주거지,대전광역시 서구 내동 1-5번지
773,주거지,대전광역시 서구 내동 1-6번지
775,주거지,대전광역시 서구 내동 1-8번지
776,주거지,대전광역시 서구 내동 1-9번지
777,주거지,대전광역시 서구 내동 1-10번지
778,편의시설,대전광역시 서구 내동 1-13번지
779,주거지,대전광역시 서구 내동 1-15번지
780,주거지,대전광역시 서구 갈마동 3-18번지
781,교육연구시설,대전광역시 서구 갈마동 114-2번지
783,편의시설,대전광역시 서구 갈마동 228-8번지
784,편의시설,대전광역시 서구 갈마동 245-11번지
785,주거지,대전광역시 서구 갈마동 245-24번지
786,주거지,대전광역시 서구 갈마동 245-25번지
787,주거지,대전광역시 서구 갈마동 261-1번지
788,주거지,대전광역시 서구 갈마동 261-3번지
789,주거지,대전광역시 서구 갈마동 261-4번지
790,주거지,대전광역시 서구 둔산동 907번지
800,편의시설,대전광역시 서구 월평동 16-3번지
801,편의시설,대전광역시 서구 월평동 16-4번지
802,편의시설,대전광역시 서구 월평동 17-2번지
803,편의시설,대전광역시 서구 월평동 17-3번지
805,편의시설,대전광역시 서구 월평동 18-2번지
810,주거지,대전광역시 서구 가수원동 30-1번지
811,창고시설,대전광역시 서구 가수원동 30-3번지
812,편의시설,대전광역시 서구 가수원동 31-1번지
814,주거지,대전광역시 서구 가수원동 36번지
817,편의시설,대전광역시 서구 가수원동 42번지
818,편의시설,대전광역시 서구 가수원동 44번지
819,주거지,대전광역시 서구 가수원동 44-1번지
820,주거지,대전광역시 서구 도안동 104번지
821,주거지,대전광역시 서구 도안동 116번지
822,주거지,대전광역시 서구 도안동 229-8번지
823,주거지,대전광역시 서구 도안동 354-2번지
824,주거지,대전광역시 서구 도안동 428번지
825,주거지,대전광역시 서구 도안동 443번지
826,편의시설,대전광역시 서구 도안동 454번지
827,주거지,대전광역시 서구 도안동 479번지
829,주거지,대전광역시 서구 도안동 500번지
830,교육연구시설,대전광역시 서구 관저동 7-1번지
840,편의시설,대전광역시 서구 흑석동 1-1번지
843,님비시설,대전광역시 서구 흑석동 4-1번지
844,편의시설,대전광역시 서구 흑석동 17-1번지
845,편의시설,대전광역시 서구 흑석동 24-1번지
846,편의시설,대전광역시 서구 흑석동 58번지
847,주거지,대전광역시 서구 흑석동 63번지
850,주거지,대전광역시 서구 매노동 3번지
852,농축산업시설,대전광역시 서구 매노동 5-1번지
853,주거지,대전광역시 서구 매노동 7-3번지
854,주거지,대전광역시 서구 매노동 7-4번지
855,주거지,대전광역시 서구 매노동 9-1번지
856,편의시설,대전광역시 서구 매노동 9-2번지
857,편의시설,대전광역시 서구 매노동 15번지
859,님비시설,대전광역시 서구 매노동 15-3번지
860,주거지,대전광역시 서구 산직동 30-2번지
862,주거지,대전광역시 서구 산직동 30-3번지
863,주거지,대전광역시 서구 산직동 30-4번지
864,주거지,대전광역시 서구 산직동 30-5번지
865,주거지,대전광역시 서구 산직동 30-6번지
866,주거지,대전광역시 서구 산직동 31번지
867,주거지,대전광역시 서구 산직동 40-2번지
868,주거지,대전광역시 서구 산직동 44-1번지
869,창고시설,대전광역시 서구 산직동 47-3번지
870,주거지,대전광역시 서구 장안동 30번지
871,농축산업시설,대전광역시 서구 장안동 33번지
872,농축산업시설,대전광역시 서구 장안동 40번지
873,주거지,대전광역시 서구 장안동 46번지
874,주거지,대전광역시 서구 장안동 105번지
875,주거지,대전광역시 서구 장안동 109-1번지
876,주거지,대전광역시 서구 장안동 109-2번지
877,주거지,대전광역시 서구 장안동 110번지
880,편의시설,대전광역시 서구 평촌동 15번지
883,주거지,대전광역시 서구 평촌동 18번지
884,편의시설,대전광역시 서구 평촌동 36번지
885,주거지,대전광역시 서구 평촌동 38번지
887,주거지,대전광역시 서구 평촌동 39-1번지
888,주거지,대전광역시 서구 평촌동 41번지
889,편의시설,대전광역시 서구 평촌동 42번지
890,주거지,대전광역시 서구 오동 14-6번지
891,편의시설,대전광역시 서구 오동 46번지
893,편의시설,대전광역시 서구 오동 65번지
897,편의시설,대전광역시 서구 오동 68번지
898,편의시설,대전광역시 서구 오동 68-1번지
899,주거지,대전광역시 서구 오동 98번지
900,편의시설,대전광역시 서구 우명동 9번지
901,편의시설,대전광역시 서구 우명동 9-3번지
902,편의시설,대전광역시 서구 우명동 10번지
903,농축산업시설,대전광역시 서구 우명동 14-1번지
906,편의시설,대전광역시 서구 우명동 17-1번지
907,편의시설,대전광역시 서구 우명동 26번지
908,편의시설,대전광역시 서구 우명동 34번지
909,주거지,대전광역시 서구 우명동 36-3번지
910,편의시설,대전광역시 서구 원정동 6-6번지
911,편의시설,대전광역시 서구 원정동 31-7번지
912,주거지,대전광역시 서구 원정동 36번지
914,주거지,대전광역시 서구 원정동 36-1번지
915,주거지,대전광역시 서구 원정동 36-2번지
916,주거지,대전광역시 서구 원정동 36-3번지
917,주거지,대전광역시 서구 원정동 37번지
920,농축산업시설,대전광역시 서구 용촌동 9-5번지
921,주거지,대전광역시 서구 용촌동 11번지
922,주거지,대전광역시 서구 용촌동 11-3번지
923,주거지,대전광역시 서구 용촌동 12-1번지
925,주거지,대전광역시 서구 용촌동 12-2번지
926,주거지,대전광역시 서구 용촌동 13-1번지
927,주거지,대전광역시 서구 용촌동 13-2번지
928,주거지,대전광역시 서구 용촌동 13-4번지
929,주거지,대전광역시 서구 용촌동 13-9번지
930,창고시설,대전광역시 서구 봉곡동 10-1번지
931,창고시설,대전광역시 서구 봉곡동 10-3번지
932,주거지,대전광역시 서구 봉곡동 12-5번지
933,농축산업시설,대전광역시 서구 봉곡동 12-7번지
934,농축산업시설,대전광역시 서구 봉곡동 12-8번지
935,주거지,대전광역시 서구 봉곡동 27-1번지
936,주거지,대전광역시 서구 봉곡동 28번지
937,주거지,대전광역시 서구 봉곡동 28-1번지
939,주거지,대전광역시 서구 봉곡동 30번지
940,주거지,대전광역시 서구 괴곡동 4번지
941,주거지,대전광역시 서구 괴곡동 7번지
942,주거지,대전광역시 서구 괴곡동 7-1번지
943,주거지,대전광역시 서구 괴곡동 10번지
944,주거지,대전광역시 서구 괴곡동 13번지
945,주거지,대전광역시 서구 괴곡동 14번지
946,주거지,대전광역시 서구 괴곡동 15번지
947,주거지,대전광역시 서구 괴곡동 17번지
949,편의시설,대전광역시 서구 괴곡동 18번지
950,주거지,대전광역시 서구 만년동 1번지
960,생산시설,대전광역시 유성구 원내동 1번지
964,편의시설,대전광역시 유성구 원내동 1-10번지
965,주거지,대전광역시 유성구 원내동 1-12번지
966,편의시설,대전광역시 유성구 원내동 30-2번지
968,주거지,대전광역시 유성구 원내동 31번지
969,교육연구시설,대전광역시 유성구 원내동 31-7번지
970,주거지,대전광역시 유성구 교촌동 1번지
971,농축산업시설,대전광역시 유성구 교촌동 7-10번지
972,주거지,대전광역시 유성구 교촌동 57번지
973,주거지,대전광역시 유성구 교촌동 57-6번지
974,주거지,대전광역시 유성구 교촌동 74번지
975,주거지,대전광역시 유성구 교촌동 83번지
976,주거지,대전광역시 유성구 교촌동 86-1번지
977,주거지,대전광역시 유성구 교촌동 91-2번지
978,창고시설,대전광역시 유성구 교촌동 102-1번지
979,주거지,대전광역시 유성구 교촌동 110-1번지
980,주거지,대전광역시 유성구 대정동 1-3번지
982,주거지,대전광역시 유성구 대정동 2-4번지
983,주거지,대전광역시 유성구 대정동 2-5번지
984,주거지,대전광역시 유성구 대정동 2-6번지
985,주거지,대전광역시 유성구 대정동 8번지
986,주거지,대전광역시 유성구 대정동 8-2번지
987,주거지,대전광역시 유성구 대정동 10번지
990,주거지,대전광역시 유성구 용계동 24번지
991,편의시설,대전광역시 유성구 용계동 29-1번지
992,주거지,대전광역시 유성구 용계동 34번지
993,주거지,대전광역시 유성구 용계동 34-1번지
994,주거지,대전광역시 유성구 용계동 34-2번지
995,주거지,대전광역시 유성구 용계동 34-3번지
996,주거지,대전광역시 유성구 용계동 34-4번지
997,주거지,대전광역시 유성구 용계동 34-5번지
998,주거지,대전광역시 유성구 용계동 34-6번지
999,주거지,대전광역시 유성구 용계동 34-7번지
1000,농축산업시설,대전광역시 유성구 학하동 11-2번지
1001,편의시설,대전광역시 유성구 학하동 14-1번지
1002,교육연구및복지시설,대전광역시 유성구 학하동 15-1번지
1003,주거지,대전광역시 유성구 학하동 41-2번지
1004,주거지,대전광역시 유성구 학하동 42-4번지
1009,창고시설,대전광역시 유성구 학하동 107번지
1010,주거지,대전광역시 유성구 계산동 3-5번지
1011,농축산업시설,대전광역시 유성구 계산동 3-6번지
1012,주거지,대전광역시 유성구 계산동 7-1번지
1013,주거지,대전광역시 유성구 계산동 8-1번지
1014,주거지,대전광역시 유성구 계산동 8-4번지
1015,창고시설,대전광역시 유성구 계산동 11-6번지
1016,편의시설,대전광역시 유성구 계산동 24-3번지
1017,주거지,대전광역시 유성구 계산동 38번지
1018,주거지,대전광역시 유성구 계산동 39-2번지
1019,주거지,대전광역시 유성구 계산동 40-5번지
1020,주거지,대전광역시 유성구 성북동 20-4번지
1021,주거지,대전광역시 유성구 성북동 23-2번지
1022,주거지,대전광역시 유성구 성북동 26번지
1023,주거지,대전광역시 유성구 성북동 38번지
1024,편의시설,대전광역시 유성구 성북동 42-4번지
1025,주거지,대전광역시 유성구 성북동 43-1번지
1026,주거지,대전광역시 유성구 성북동 45-4번지
1027,주거지,대전광역시 유성구 성북동 45-8번지
1028,농축산업시설,대전광역시 유성구 성북동 60-1번지
1029,편의시설,대전광역시 유성구 성북동 69-1번지
1030,주거지,대전광역시 유성구 세동 18-4번지
1031,창고시설,대전광역시 유성구 세동 23-11번지
1032,농축산업시설,대전광역시 유성구 세동 24번지
1034,주거지,대전광역시 유성구 세동 35번지
1035,주거지,대전광역시 유성구 세동 35-2번지
1036,주거지,대전광역시 유성구 세동 35-4번지
1038,주거지,대전광역시 유성구 세동 43-1번지
1039,주거지,대전광역시 유성구 세동 43-7번지
1040,주거지,대전광역시 유성구 송정동 14번지
1041,주거지,대전광역시 유성구 송정동 14-1번지
1042,창고시설,대전광역시 유성구 송정동 20-16번지
1043,창고시설,대전광역시 유성구 송정동 35-7번지
1044,주거지,대전광역시 유성구 송정동 42-1번지
1045,창고시설,대전광역시 유성구 송정동 42-2번지
1046,주거지,대전광역시 유성구 송정동 49-2번지
1047,주거지,대전광역시 유성구 송정동 50-1번지
1048,편의시설,대전광역시 유성구 송정동 50-4번지
1049,편의시설,대전광역시 유성구 송정동 50-5번지
1050,님비시설,대전광역시 유성구 방동 4-6번지
1051,주거지,대전광역시 유성구 방동 5-1번지
1052,창고시설,대전광역시 유성구 방동 5-4번지
1053,님비시설,대전광역시 유성구 방동 7번지
1054,편의시설,대전광역시 유성구 방동 19-10번지
1055,편의시설,대전광역시 유성구 방동 19-11번지
1056,농축산업시설,대전광역시 유성구 방동 31-2번지
1057,주거지,대전광역시 유성구 방동 31-3번지
1058,편의시설,대전광역시 유성구 방동 31-6번지
1059,편의시설,대전광역시 유성구 방동 43-6번지
1060,님비시설,대전광역시 유성구 봉명동 12-1번지
1061,님비시설,대전광역시 유성구 봉명동 36-6번지
1062,주거지,대전광역시 유성구 봉명동 48-13번지
1063,주거지,대전광역시 유성구 봉명동 74번지
1064,편의시설,대전광역시 유성구 봉명동 81-9번지
1065,주거지,대전광역시 유성구 봉명동 150번지
1066,주거지,대전광역시 유성구 봉명동 158-11번지
1067,편의시설,대전광역시 유성구 봉명동 159-14번지
1068,주거지,대전광역시 유성구 봉명동 272번지
1070,주거지,대전광역시 유성구 구암동 2-23번지
1071,주거지,대전광역시 유성구 구암동 2-31번지
1072,주거지,대전광역시 유성구 구암동 2-36번지
1073,편의시설,대전광역시 유성구 구암동 4번지
1074,주거지,대전광역시 유성구 구암동 6번지
1075,주거지,대전광역시 유성구 구암동 7번지
1080,편의시설,대전광역시 유성구 덕명동 8번지
1081,편의시설,대전광역시 유성구 덕명동 9-4번지
1084,주거지,대전광역시 유성구 덕명동 15-12번지
1085,주거지,대전광역시 유성구 덕명동 15-19번지
1086,교육연구시설,대전광역시 유성구 덕명동 16-1번지
1090,주거지,대전광역시 유성구 원신흥동 84-2번지
1091,주거지,대전광역시 유성구 원신흥동 87-2번지
1092,주거지,대전광역시 유성구 원신흥동 144번지
1093,주거지,대전광역시 유성구 원신흥동 256번지
1094,농축산업시설,대전광역시 유성구 원신흥동 311-3번지
1095,주거지,대전광역시 유성구 원신흥동 316번지
1096,주거지,대전광역시 유성구 원신흥동 316-11번지
1097,편의시설,대전광역시 유성구 원신흥동 320-1번지
1098,주거지,대전광역시 유성구 원신흥동 324번지
1099,주거지,대전광역시 유성구 원신흥동 325번지
1100,주거지,대전광역시 유성구 상대동 133번지
1101,교육연구시설,대전광역시 유성구 상대동 138-14번지
1108,주거지,대전광역시 유성구 상대동 202-2번지
1109,주거지,대전광역시 유성구 상대동 209번지
1110,주거지,대전광역시 유성구 복용동 8번지
1111,주거지,대전광역시 유성구 복용동 8-2번지
1112,주거지,대전광역시 유성구 복용동 9번지
1113,주거지,대전광역시 유성구 복용동 9-2번지
1114,주거지,대전광역시 유성구 복용동 9-8번지
1115,주거지,대전광역시 유성구 복용동 67-1번지
1116,주거지,대전광역시 유성구 복용동 67-3번지
1117,주거지,대전광역시 유성구 복용동 67-4번지
1118,편의시설,대전광역시 유성구 복용동 68번지
1119,편의시설,대전광역시 유성구 복용동 68-3번지
1120,주거지,대전광역시 유성구 장대동 10-14번지
1121,편의시설,대전광역시 유성구 장대동 11-1번지
1122,편의시설,대전광역시 유성구 장대동 11-16번지
1123,주거지,대전광역시 유성구 장대동 11-18번지
1124,주거지,대전광역시 유성구 장대동 11-21번지
1125,편의시설,대전광역시 유성구 장대동 11-22번지
1126,주거지,대전광역시 유성구 장대동 11-23번지
1127,주거지,대전광역시 유성구 장대동 11-25번지
1128,주거지,대전광역시 유성구 장대동 11-26번지
1129,편의시설,대전광역시 유성구 장대동 11-27번지
1130,님비시설,대전광역시 유성구 갑동 3번지
1140,주거지,대전광역시 유성구 노은동 3-2번지
1141,주거지,대전광역시 유성구 노은동 24번지
1143,주거지,대전광역시 유성구 노은동 24-71번지
1144,창고시설,대전광역시 유성구 노은동 63-1번지
1147,님비시설,대전광역시 유성구 노은동 75-7번지
1148,님비시설,대전광역시 유성구 노은동 107-7번지
1150,편의시설,대전광역시 유성구 지족동 22-4번지
1151,편의시설,대전광역시 유성구 지족동 22-5번지
1152,주거지,대전광역시 유성구 지족동 49번지
1153,주거지,대전광역시 유성구 지족동 130번지
1154,주거지,대전광역시 유성구 지족동 130-2번지
1155,편의시설,대전광역시 유성구 지족동 130-3번지
1156,주거지,대전광역시 유성구 지족동 130-5번지
1157,주거지,대전광역시 유성구 지족동 130-7번지
1158,주거지,대전광역시 유성구 지족동 130-8번지
1159,주거지,대전광역시 유성구 지족동 130-9번지
1160,주거지,대전광역시 유성구 죽동 24-4번지
1161,편의시설,대전광역시 유성구 죽동 46-12번지
1162,교육연구시설,대전광역시 유성구 죽동 59-12번지
1163,농축산업시설,대전광역시 유성구 죽동 59-75번지
1164,편의시설,대전광역시 유성구 죽동 72번지
1165,창고시설,대전광역시 유성구 죽동 81-4번지
1166,주거지,대전광역시 유성구 죽동 93번지
1169,주거지,대전광역시 유성구 죽동 97번지
1170,주거지,대전광역시 유성구 궁동 1-1번지
1171,주거지,대전광역시 유성구 궁동 1-3번지
1172,주거지,대전광역시 유성구 궁동 1-4번지
1173,주거지,대전광역시 유성구 궁동 1-5번지
1174,주거지,대전광역시 유성구 궁동 1-6번지
1175,주거지,대전광역시 유성구 궁동 1-7번지
1176,주거지,대전광역시 유성구 궁동 1-8번지
1177,주거지,대전광역시 유성구 궁동 1-9번지
1178,주거지,대전광역시 유성구 궁동 1-10번지
1179,주거지,대전광역시 유성구 궁동 1-11번지
1180,주거지,대전광역시 유성구 어은동 17번지
1181,주거지,대전광역시 유성구 어은동 46번지
1182,교육연구시설,대전광역시 유성구 어은동 48번지
1184,교육연구시설,대전광역시 유성구 어은동 52번지
1190,주거지,대전광역시 유성구 구성동 5-2번지
1191,교육연구시설,대전광역시 유성구 구성동 19번지
1200,교육연구시설,대전광역시 유성구 신성동 6번지
1210,주거지,대전광역시 유성구 가정동 1번지
1211,주거지,대전광역시 유성구 가정동 2번지
1214,창고시설,대전광역시 유성구 가정동 2-20번지
1215,님비시설,대전광역시 유성구 가정동 2-22번지
1217,편의시설,대전광역시 유성구 가정동 2-23번지
1219,주거지,대전광역시 유성구 가정동 7번지
1220,문화및집회시설,대전광역시 유성구 도룡동 3-1번지
1230,주거지,대전광역시 유성구 장동 1-5번지
1231,창고시설,대전광역시 유성구 장동 5-4번지
1232,농축산업시설,대전광역시 유성구 장동 12-2번지
1233,편의시설,대전광역시 유성구 장동 14-2번지
1234,주거지,대전광역시 유성구 장동 16-3번지
1235,주거지,대전광역시 유성구 장동 22-1번지
1236,교육연구시설,대전광역시 유성구 장동 23-1번지
1240,농축산업시설,대전광역시 유성구 방현동 6-9번지
1241,창고시설,대전광역시 유성구 방현동 6-10번지
1242,창고시설,대전광역시 유성구 방현동 29-1번지
1243,편의시설,대전광역시 유성구 방현동 30번지
1245,창고시설,대전광역시 유성구 방현동 31번지
1246,편의시설,대전광역시 유성구 방현동 33-1번지
1247,편의시설,대전광역시 유성구 방현동 41-2번지
1250,편의시설,대전광역시 유성구 화암동 5-2번지
1251,주거지,대전광역시 유성구 화암동 12번지
1252,창고시설,대전광역시 유성구 화암동 25-1번지
1253,창고시설,대전광역시 유성구 화암동 25-3번지
1254,주거지,대전광역시 유성구 화암동 26-1번지
1255,님비시설,대전광역시 유성구 화암동 30-5번지
1256,교육연구시설,대전광역시 유성구 화암동 57-1번지
1260,주거지,대전광역시 유성구 덕진동 31번지
1261,농축산업시설,대전광역시 유성구 덕진동 48-1번지
1262,편의시설,대전광역시 유성구 덕진동 48-2번지
1263,편의시설,대전광역시 유성구 덕진동 49-2번지
1264,님비시설,대전광역시 유성구 덕진동 50번지
1265,주거지,대전광역시 유성구 덕진동 71-1번지
1267,창고시설,대전광역시 유성구 덕진동 74번지
1268,주거지,대전광역시 유성구 덕진동 80번지
1269,주거지,대전광역시 유성구 덕진동 110번지
1270,주거지,대전광역시 유성구 하기동 4-15번지
1271,주거지,대전광역시 유성구 하기동 4-23번지
1272,농축산업시설,대전광역시 유성구 하기동 10-3번지
1273,편의시설,대전광역시 유성구 하기동 18번지
1274,님비시설,대전광역시 유성구 하기동 18-3번지
1277,편의시설,대전광역시 유성구 하기동 18-6번지
1279,편의시설,대전광역시 유성구 하기동 18-9번지
1280,님비시설,대전광역시 유성구 추목동 24번지
1282,님비시설,대전광역시 유성구 추목동 37번지
1283,님비시설,대전광역시 유성구 추목동 38-5번지
1284,편의시설,대전광역시 유성구 추목동 114-1번지
1285,님비시설,대전광역시 유성구 추목동 168-2번지
1286,문화및집회시설,대전광역시 유성구 추목동 188-1번지
1287,님비시설,대전광역시 유성구 추목동 250-1번지
1290,편의시설,대전광역시 유성구 자운동 19-1번지
1291,편의시설,대전광역시 유성구 자운동 20-2번지
1292,편의시설,대전광역시 유성구 자운동 20-16번지
1293,편의시설,대전광역시 유성구 자운동 21-1번지
1294,편의시설,대전광역시 유성구 자운동 21-2번지
1295,편의시설,대전광역시 유성구 자운동 21-9번지
1296,편의시설,대전광역시 유성구 자운동 21-10번지
1297,편의시설,대전광역시 유성구 자운동 21-12번지
1298,편의시설,대전광역시 유성구 자운동 22번지
1299,편의시설,대전광역시 유성구 자운동 22-1번지
1300,님비시설,대전광역시 유성구 신봉동 35-2번지
1301,편의시설,대전광역시 유성구 신봉동 112번지
1302,교육연구시설,대전광역시 유성구 신봉동 208번지
1310,님비시설,대전광역시 유성구 수남동 1-21번지
1311,창고시설,대전광역시 유성구 수남동 1-26번지
1312,님비시설,대전광역시 유성구 수남동 24번지
1314,생산시설,대전광역시 유성구 수남동 127번지
1316,님비시설,대전광역시 유성구 수남동 179-1번지
1317,님비시설,대전광역시 유성구 수남동 236번지
1318,님비시설,대전광역시 유성구 수남동 339번지
1319,님비시설,대전광역시 유성구 안산동 12번지
1320,주거지,대전광역시 유성구 안산동 15-2번지
1321,주거지,대전광역시 유성구 안산동 15-3번지
1322,주거지,대전광역시 유성구 안산동 15-4번지
1325,주거지,대전광역시 유성구 안산동 15-5번지
1326,주거지,대전광역시 유성구 안산동 15-6번지
1327,편의시설,대전광역시 유성구 안산동 22번지
1328,주거지,대전광역시 유성구 안산동 23번지
1329,님비시설,대전광역시 유성구 외삼동 52-1번지
1338,주거지,대전광역시 유성구 외삼동 71번지
1339,편의시설,대전광역시 유성구 반석동 17-2번지
1340,편의시설,대전광역시 유성구 반석동 61-5번지
1341,편의시설,대전광역시 유성구 반석동 76-1번지
1342,주거지,대전광역시 유성구 반석동 77번지
1343,농축산업시설,대전광역시 유성구 반석동 77-1번지
1344,농축산업시설,대전광역시 유성구 반석동 77-2번지
1345,편의시설,대전광역시 유성구 반석동 77-5번지
1346,편의시설,대전광역시 유성구 반석동 77-6번지
1347,농축산업시설,대전광역시 유성구 반석동 78번지
1348,창고시설,대전광역시 유성구 반석동 79번지
1349,주거지,대전광역시 유성구 문지동 14번지
1350,교육연구시설,대전광역시 유성구 문지동 103-1번지
1354,교육연구시설,대전광역시 유성구 문지동 103-2번지
1359,편의시설,대전광역시 유성구 전민동 25-1번지
1360,창고시설,대전광역시 유성구 전민동 182-6번지
1361,주거지,대전광역시 유성구 전민동 223-4번지
1362,편의시설,대전광역시 유성구 전민동 226-4번지
1363,주거지,대전광역시 유성구 전민동 229-8번지
1364,주거지,대전광역시 유성구 전민동 250-1번지
1365,님비시설,대전광역시 유성구 전민동 250-2번지
1366,주거지,대전광역시 유성구 전민동 251-1번지
1367,주거지,대전광역시 유성구 전민동 251-2번지
1368,주거지,대전광역시 유성구 전민동 251-3번지
1369,주거지,대전광역시 유성구 원촌동 17번지
1370,님비시설,대전광역시 유성구 원촌동 23번지
1379,주거지,대전광역시 유성구 탑립동 20-18번지
1380,편의시설,대전광역시 유성구 탑립동 346번지
1381,편의시설,대전광역시 유성구 탑립동 347-2번지
1382,창고시설,대전광역시 유성구 탑립동 348-6번지
1383,편의시설,대전광역시 유성구 탑립동 348-7번지
1384,주거지,대전광역시 유성구 탑립동 370-2번지
1385,주거지,대전광역시 유성구 탑립동 374번지
1386,주거지,대전광역시 유성구 탑립동 378-2번지
1387,주거지,대전광역시 유성구 탑립동 383-1번지
1388,편의시설,대전광역시 유성구 탑립동 387-2번지
1389,주거지,대전광역시 유성구 용산동 104-1번지
1390,농축산업시설,대전광역시 유성구 용산동 105-1번지
1391,주거지,대전광역시 유성구 용산동 119-2번지
1392,주거지,대전광역시 유성구 용산동 119-5번지
1393,주거지,대전광역시 유성구 용산동 126-1번지
1394,주거지,대전광역시 유성구 용산동 126-3번지
1395,주거지,대전광역시 유성구 용산동 131번지
1396,주거지,대전광역시 유성구 용산동 135번지
1397,주거지,대전광역시 유성구 용산동 137-3번지
1398,주거지,대전광역시 유성구 용산동 165번지
1399,주거지,대전광역시 유성구 봉산동 29번지
1400,주거지,대전광역시 유성구 봉산동 177번지
1402,주거지,대전광역시 유성구 봉산동 178-1번지
1403,주거지,대전광역시 유성구 봉산동 178-2번지
1404,주거지,대전광역시 유성구 봉산동 178-3번지
1405,주거지,대전광역시 유성구 봉산동 178-4번지
1406,주거지,대전광역시 유성구 봉산동 178-5번지
1407,주거지,대전광역시 유성구 봉산동 178-6번지
1408,주거지,대전광역시 유성구 봉산동 178-7번지
1409,주거지,대전광역시 유성구 관평동 71번지
1410,주거지,대전광역시 유성구 관평동 71-4번지
1411,주거지,대전광역시 유성구 관평동 418번지
1413,주거지,대전광역시 유성구 관평동 418-3번지
1414,주거지,대전광역시 유성구 관평동 420번지
1415,창고시설,대전광역시 유성구 관평동 421번지
1416,주거지,대전광역시 유성구 관평동 423번지
1417,주거지,대전광역시 유성구 관평동 425번지
1419,교육연구시설,대전광역시 유성구 송강동 8-1번지
1429,주거지,대전광역시 유성구 금고동 54번지
1430,주거지,대전광역시 유성구 금고동 59번지
1433,주거지,대전광역시 유성구 금고동 59-3번지
1434,주거지,대전광역시 유성구 금고동 60-1번지
1435,주거지,대전광역시 유성구 금고동 65번지
1436,주거지,대전광역시 유성구 금고동 68번지
1437,주거지,대전광역시 유성구 금고동 69번지
1438,주거지,대전광역시 유성구 금고동 72번지
1439,주거지,대전광역시 유성구 대동 3번지
1441,농축산업시설,대전광역시 유성구 대동 35번지
1442,주거지,대전광역시 유성구 대동 59-2번지
1443,주거지,대전광역시 유성구 대동 60-1번지
1444,주거지,대전광역시 유성구 대동 63-1번지
1445,농축산업시설,대전광역시 유성구 대동 91번지
1447,주거지,대전광역시 유성구 대동 126번지
1448,농축산업시설,대전광역시 유성구 대동 148번지
1449,생산시설,대전광역시 유성구 금탄동 50번지
1450,창고시설,대전광역시 유성구 금탄동 74번지
1451,주거지,대전광역시 유성구 금탄동 95번지
1452,주거지,대전광역시 유성구 금탄동 95-3번지
1453,주거지,대전광역시 유성구 금탄동 95-4번지
1454,농축산업시설,대전광역시 유성구 금탄동 117-1번지
1455,농축산업시설,대전광역시 유성구 금탄동 120-2번지
1456,창고시설,대전광역시 유성구 금탄동 120-3번지
1457,농축산업시설,대전광역시 유성구 금탄동 152번지
1459,주거지,대전광역시 유성구 신동 119번지
1460,주거지,대전광역시 유성구 신동 255-1번지
1462,주거지,대전광역시 유성구 신동 293-2번지
1463,주거지,대전광역시 유성구 신동 309번지
1464,주거지,대전광역시 유성구 신동 383-1번지
1465,편의시설,대전광역시 유성구 신동 388-2번지
1466,주거지,대전광역시 유성구 신동 424번지
1467,주거지,대전광역시 유성구 신동 435번지
1469,주거지,대전광역시 유성구 둔곡동 1번지
1470,창고시설,대전광역시 유성구 둔곡동 8번지
1471,주거지,대전광역시 유성구 둔곡동 16번지
1472,주거지,대전광역시 유성구 둔곡동 62-2번지
1473,농축산업시설,대전광역시 유성구 둔곡동 66번지
1475,주거지,대전광역시 유성구 둔곡동 107번지
1476,편의시설,대전광역시 유성구 둔곡동 175-1번지
1477,농축산업시설,대전광역시 유성구 둔곡동 180-2번지
1478,창고시설,대전광역시 유성구 둔곡동 182번지
1479,주거지,대전광역시 유성구 구룡동 2-3번지
1481,편의시설,대전광역시 유성구 구룡동 7-1번지
1482,주거지,대전광역시 유성구 구룡동 28번지
1484,주거지,대전광역시 유성구 구룡동 40-2번지
1485,주거지,대전광역시 유성구 구룡동 46번지
1487,주거지,대전광역시 유성구 구룡동 46-1번지
1488,주거지,대전광역시 유성구 구룡동 48-3번지
1489,주거지,대전광역시 대덕구 오정동
1499,생산시설,대전광역시 대덕구 대화동 1-3번지
1501,창고시설,대전광역시 대덕구 대화동 1-4번지
1505,생산시설,대전광역시 대덕구 대화동 1-7번지
1509,주거지,대전광역시 대덕구 읍내동
1510,편의시설,대전광역시 대덕구 읍내동 5-7번지
1511,편의시설,대전광역시 대덕구 읍내동 5-17번지
1512,편의시설,대전광역시 대덕구 읍내동 11-1번지
1513,주거지,대전광역시 대덕구 읍내동 16-5번지
1514,주거지,대전광역시 대덕구 읍내동 19번지
1515,주거지,대전광역시 대덕구 읍내동 22번지
1516,편의시설,대전광역시 대덕구 읍내동 23-2번지
1517,주거지,대전광역시 대덕구 읍내동 23-4번지
1519,주거지,대전광역시 대덕구 연축동
1520,농축산업시설,대전광역시 대덕구 연축동 1번지
1521,주거지,대전광역시 대덕구 연축동 5번지
1522,주거지,대전광역시 대덕구 연축동 7번지
1523,창고시설,대전광역시 대덕구 연축동 7-1번지
1524,주거지,대전광역시 대덕구 연축동 7-2번지
1525,창고시설,대전광역시 대덕구 연축동 7-3번지
1526,주거지,대전광역시 대덕구 연축동 14번지
1528,편의시설,대전광역시 대덕구 연축동 17번지
1529,편의시설,대전광역시 대덕구 신대동 2-2번지
1530,편의시설,대전광역시 대덕구 신대동 2-5번지
1531,님비시설,대전광역시 대덕구 신대동 4-1번지
1539,편의시설,대전광역시 대덕구 와동
1540,편의시설,대전광역시 대덕구 와동 2-1번지
1541,편의시설,대전광역시 대덕구 와동 2-5번지
1543,편의시설,대전광역시 대덕구 와동 2-7번지
1546,농축산업시설,대전광역시 대덕구 와동 10-1번지
1547,편의시설,대전광역시 대덕구 와동 11번지
1548,주거지,대전광역시 대덕구 와동 14-6번지
1549,주거지,대전광역시 대덕구 송촌동 12번지
1550,주거지,대전광역시 대덕구 송촌동 16번지
1551,편의시설,대전광역시 대덕구 송촌동 30번지
1552,주거지,대전광역시 대덕구 송촌동 31번지
1553,편의시설,대전광역시 대덕구 송촌동 61-2번지
1557,농축산업시설,대전광역시 대덕구 송촌동 93번지
1558,주거지,대전광역시 대덕구 송촌동 95번지
1559,주거지,대전광역시 대덕구 법동 77-8번지
1560,주거지,대전광역시 대덕구 법동 77-12번지
1561,주거지,대전광역시 대덕구 법동 83번지
1563,주거지,대전광역시 대덕구 법동 83-14번지
1564,주거지,대전광역시 대덕구 법동 87번지
1565,주거지,대전광역시 대덕구 법동 90-2번지
1566,주거지,대전광역시 대덕구 법동 90-7번지
1567,주거지,대전광역시 대덕구 법동 106번지
1568,주거지,대전광역시 대덕구 법동 112번지
1569,편의시설,대전광역시 대덕구 중리동 27-1번지
1571,편의시설,대전광역시 대덕구 중리동 27-4번지
1572,농축산업시설,대전광역시 대덕구 중리동 31번지
1573,주거지,대전광역시 대덕구 중리동 56번지
1574,주거지,대전광역시 대덕구 중리동 59-1번지
1575,주거지,대전광역시 대덕구 중리동 70번지
1576,주거지,대전광역시 대덕구 중리동 71번지
1577,편의시설,대전광역시 대덕구 중리동 71-1번지
1578,주거지,대전광역시 대덕구 중리동 71-5번지
1579,창고시설,대전광역시 대덕구 비래동 1-13번지
1581,주거지,대전광역시 대덕구 비래동 9-2번지
1582,주거지,대전광역시 대덕구 비래동 13번지
1583,교육연구시설,대전광역시 대덕구 비래동 15-3번지
1584,주거지,대전광역시 대덕구 비래동 18-1번지
1585,편의시설,대전광역시 대덕구 비래동 18-2번지
1586,편의시설,대전광역시 대덕구 비래동 18-4번지
1587,편의시설,대전광역시 대덕구 비래동 18-5번지
1588,편의시설,대전광역시 대덕구 비래동 18-6번지
1589,주거지,대전광역시 대덕구 석봉동 2-6번지
1590,주거지,대전광역시 대덕구 석봉동 11-8번지
1591,주거지,대전광역시 대덕구 석봉동 22-4번지
1594,주거지,대전광역시 대덕구 석봉동 22-5번지
1596,주거지,대전광역시 대덕구 석봉동 37-1번지
1598,주거지,대전광역시 대덕구 석봉동 39-1번지
1599,주거지,대전광역시 대덕구 목상동 1-11번지
1600,주거지,대전광역시 대덕구 목상동 10-1번지
1601,편의시설,대전광역시 대덕구 목상동 12-2번지
1602,편의시설,대전광역시 대덕구 목상동 12-3번지
1603,주거지,대전광역시 대덕구 목상동 13번지
1604,주거지,대전광역시 대덕구 목상동 13-1번지
1607,주거지,대전광역시 대덕구 목상동 13-4번지
1609,생산시설,대전광역시 대덕구 문평동 13-2번지
1611,주거지,대전광역시 대덕구 문평동 22-2번지
1612,주거지,대전광역시 대덕구 문평동 22-3번지
1613,주거지,대전광역시 대덕구 문평동 25번지
1614,생산시설,대전광역시 대덕구 문평동 41-1번지
1619,주거지,대전광역시 대덕구 신일동 3번지
1620,주거지,대전광역시 대덕구 신일동 6-1번지
1621,편의시설,대전광역시 대덕구 신일동 9-1번지
1623,편의시설,대전광역시 대덕구 신일동 10-3번지
1624,주거지,대전광역시 대덕구 신일동 11-1번지
1628,주거지,대전광역시 대덕구 신일동 14-1번지
1629,주거지,대전광역시 대덕구 덕암동 1번지
1634,주거지,대전광역시 대덕구 덕암동 1-1번지
1635,편의시설,대전광역시 대덕구 덕암동 1-3번지
1636,편의시설,대전광역시 대덕구 덕암동 1-4번지
1637,주거지,대전광역시 대덕구 덕암동 1-5번지
1638,주거지,대전광역시 대덕구 덕암동 1-7번지
1639,농축산업시설,대전광역시 대덕구 상서동 38번지
1640,농축산업시설,대전광역시 대덕구 상서동 40번지
1641,주거지,대전광역시 대덕구 상서동 42-2번지
1642,주거지,대전광역시 대덕구 상서동 43-2번지
1643,주거지,대전광역시 대덕구 상서동 45-2번지
1644,주거지,대전광역시 대덕구 상서동 45-3번지
1645,생산시설,대전광역시 대덕구 상서동 46번지
1648,생산시설,대전광역시 대덕구 상서동 46-2번지
1649,주거지,대전광역시 대덕구 평촌동 7-1번지
1650,창고시설,대전광역시 대덕구 평촌동 11-2번지
1651,생산시설,대전광역시 대덕구 평촌동 14-8번지
1654,주거지,대전광역시 대덕구 평촌동 22번지
1655,창고시설,대전광역시 대덕구 평촌동 24번지
1657,주거지,대전광역시 대덕구 평촌동 37번지
1658,생산시설,대전광역시 대덕구 평촌동 42-1번지
1659,창고시설,대전광역시 대덕구 장동
1662,생산시설,대전광역시 대덕구 장동 35번지
1665,주거지,대전광역시 대덕구 장동 47번지
1666,주거지,대전광역시 대덕구 장동 48번지
1668,주거지,대전광역시 대덕구 장동 74-4번지
1669,편의시설,대전광역시 대덕구 용호동
1670,주거지,대전광역시 대덕구 용호동 36번지
1673,주거지,대전광역시 대덕구 용호동 37번지
1676,주거지,대전광역시 대덕구 용호동 37-1번지
1677,주거지,대전광역시 대덕구 용호동 37-3번지
1678,주거지,대전광역시 대덕구 용호동 37-5번지
1679,편의시설,대전광역시 대덕구 이현동 142번지
1680,주거지,대전광역시 대덕구 이현동 143번지
1681,주거지,대전광역시 대덕구 이현동 167번지
1682,주거지,대전광역시 대덕구 이현동 174번지
1684,주거지,대전광역시 대덕구 이현동 177-2번지
1685,주거지,대전광역시 대덕구 이현동 178번지
1686,주거지,대전광역시 대덕구 이현동 178-1번지
1687,주거지,대전광역시 대덕구 이현동 182번지
1688,주거지,대전광역시 대덕구 이현동 183번지
1689,주거지,대전광역시 대덕구 갈전동 225번지
1690,주거지,대전광역시 대덕구 갈전동 228-1번지
1691,주거지,대전광역시 대덕구 갈전동 228-3번지
1692,편의시설,대전광역시 대덕구 갈전동 233번지
1693,주거지,대전광역시 대덕구 갈전동 236-2번지
1694,주거지,대전광역시 대덕구 갈전동 236-3번지
1695,주거지,대전광역시 대덕구 갈전동 236-4번지
1696,주거지,대전광역시 대덕구 갈전동 236-5번지
1697,주거지,대전광역시 대덕구 갈전동 236-7번지
1698,편의시설,대전광역시 대덕구 갈전동 236-9번지
1699,주거지,대전광역시 대덕구 삼정동 20번지
1700,편의시설,대전광역시 대덕구 삼정동 20-1번지
1701,주거지,대전광역시 대덕구 삼정동 23-1번지
1702,편의시설,대전광역시 대덕구 삼정동 23-4번지
1705,주거지,대전광역시 대덕구 삼정동 23-5번지
1706,편의시설,대전광역시 대덕구 삼정동 28-1번지
1708,주거지,대전광역시 대덕구 삼정동 31-2번지
1709,문화및집회시설,대전광역시 대덕구 미호동 1-5번지
1710,주거지,대전광역시 대덕구 미호동 25-1번지
1711,창고시설,대전광역시 대덕구 미호동 26-2번지
1713,주거지,대전광역시 대덕구 미호동 30-1번지
1714,주거지,대전광역시 대덕구 미호동 31번지
1715,주거지,대전광역시 대덕구 미호동 36번지
1716,주거지,대전광역시 대덕구 미호동 41번지
1719,편의시설,대전광역시 대덕구 신탄진동 2-1번지
1720,편의시설,대전광역시 대덕구 신탄진동 4-6번지
1721,편의시설,대전광역시 대덕구 신탄진동 5번지
1722,편의시설,대전광역시 대덕구 신탄진동 9-1번지
1723,창고시설,대전광역시 대덕구 신탄진동 9-3번지
1724,편의시설,대전광역시 대덕구 신탄진동 16-1번지
1725,편의시설,대전광역시 대덕구 신탄진동 16-2번지
1726,편의시설,대전광역시 대덕구 신탄진동 16-8번지
1727,주거지,대전광역시 대덕구 신탄진동 17-1번지
1728,주거지,대전광역시 대덕구 신탄진동 17-2번지
