주용도코드명,대지위치
편의시설,대구광역시 중구 동인동1가 9번지
편의시설,대구광역시 중구 동인동1가 9-7번지
편의시설,대구광역시 중구 동인동1가 9-8번지
편의시설,대구광역시 중구 동인동1가 9-9번지
주거지,대구광역시 중구 동인동1가 9-10번지
주거지,대구광역시 중구 동인동1가 10번지
주거지,대구광역시 중구 동인동1가 10-3번지
주거지,대구광역시 중구 동인동1가 10-6번지
주거지,대구광역시 중구 동인동1가 10-9번지
편의시설,대구광역시 중구 동인동2가 2-1번지
편의시설,대구광역시 중구 동인동2가 4번지
편의시설,대구광역시 중구 동인동2가 4-6번지
편의시설,대구광역시 중구 동인동2가 4-7번지
편의시설,대구광역시 중구 동인동2가 4-10번지
생산시설,대구광역시 중구 동인동2가 11번지
편의시설,대구광역시 중구 동인동2가 12번지
편의시설,대구광역시 중구 동인동2가 12-1번지
편의시설,대구광역시 중구 동인동2가 12-4번지
편의시설,대구광역시 중구 동인동2가 16-1번지
주거지,대구광역시 중구 동인동3가 192번지
주거지,대구광역시 중구 동인동3가 192-3번지
주거지,대구광역시 중구 동인동3가 192-5번지
주거지,대구광역시 중구 동인동3가 192-6번지
주거지,대구광역시 중구 동인동3가 192-8번지
주거지,대구광역시 중구 동인동3가 192-9번지
주거지,대구광역시 중구 동인동3가 192-11번지
주거지,대구광역시 중구 동인동3가 192-13번지
주거지,대구광역시 중구 동인동4가 2-1번지
편의시설,대구광역시 중구 동인동4가 2-2번지
주거지,대구광역시 중구 동인동4가 2-3번지
주거지,대구광역시 중구 동인동4가 2-6번지
주거지,대구광역시 중구 동인동4가 2-7번지
주거지,대구광역시 중구 동인동4가 2-8번지
주거지,대구광역시 중구 동인동4가 2-9번지
주거지,대구광역시 중구 동인동4가 2-11번지
창고시설,대구광역시 중구 동인동4가 2-13번지
편의시설,대구광역시 중구 삼덕동1가 1-187번지
편의시설,대구광역시 중구 삼덕동1가 4-3번지
편의시설,대구광역시 중구 삼덕동1가 4-5번지
편의시설,대구광역시 중구 삼덕동1가 4-7번지
편의시설,대구광역시 중구 삼덕동1가 4-8번지
편의시설,대구광역시 중구 삼덕동1가 4-10번지
편의시설,대구광역시 중구 삼덕동1가 4-12번지
편의시설,대구광역시 중구 삼덕동1가 4-13번지
주거지,대구광역시 중구 삼덕동1가 4-14번지
편의시설,대구광역시 중구 삼덕동1가 5-1번지
편의시설,대구광역시 중구 삼덕동2가 6번지
편의시설,대구광역시 중구 삼덕동2가 12-9번지
편의시설,대구광역시 중구 삼덕동2가 14번지
편의시설,대구광역시 중구 삼덕동2가 14-1번지
주거지,대구광역시 중구 삼덕동2가 15-1번지
주거지,대구광역시 중구 삼덕동2가 15-4번지
편의시설,대구광역시 중구 삼덕동2가 16-1번지
편의시설,대구광역시 중구 삼덕동2가 17-1번지
주거지,대구광역시 중구 삼덕동2가 19번지
주거지,대구광역시 중구 삼덕동2가 23번지
주거지,대구광역시 중구 삼덕동3가 2-2번지
주거지,대구광역시 중구 삼덕동3가 16-6번지
편의시설,대구광역시 중구 삼덕동3가 31-2번지
주거지,대구광역시 중구 삼덕동3가 33-1번지
주거지,대구광역시 중구 삼덕동3가 34-1번지
편의시설,대구광역시 중구 삼덕동3가 35-2번지
편의시설,대구광역시 중구 삼덕동3가 36-1번지
주거지,대구광역시 중구 삼덕동3가 39번지
편의시설,대구광역시 중구 삼덕동3가 39-1번지
주거지,대구광역시 중구 삼덕동3가 39-2번지
편의시설,대구광역시 중구 봉산동 1-1번지
편의시설,대구광역시 중구 봉산동 1-2번지
편의시설,대구광역시 중구 봉산동 1-3번지
편의시설,대구광역시 중구 봉산동 2-2번지
편의시설,대구광역시 중구 봉산동 2-3번지
편의시설,대구광역시 중구 봉산동 2-4번지
편의시설,대구광역시 중구 봉산동 2-5번지
편의시설,대구광역시 중구 봉산동 3-1번지
편의시설,대구광역시 중구 봉산동 3-3번지
편의시설,대구광역시 중구 봉산동 3-5번지
편의시설,대구광역시 중구 장관동 2-2번지
주거지,대구광역시 중구 장관동 5번지
주거지,대구광역시 중구 장관동 6번지
편의시설,대구광역시 중구 장관동 9-2번지
편의시설,대구광역시 중구 장관동 9-3번지
주거지,대구광역시 중구 장관동 10-1번지
편의시설,대구광역시 중구 장관동 15-2번지
편의시설,대구광역시 중구 장관동 16-2번지
편의시설,대구광역시 중구 장관동 25-1번지
편의시설,대구광역시 중구 장관동 26-2번지
편의시설,대구광역시 중구 상서동 5번지
편의시설,대구광역시 중구 상서동 7-2번지
편의시설,대구광역시 중구 상서동 9-2번지
편의시설,대구광역시 중구 상서동 13-1번지
주거지,대구광역시 중구 상서동 17번지
편의시설,대구광역시 중구 상서동 20-2번지
생산시설,대구광역시 중구 상서동 22-5번지
편의시설,대구광역시 중구 상서동 23-1번지
편의시설,대구광역시 중구 수동 1-1번지
편의시설,대구광역시 중구 수동 1-3번지
교육연구시설,대구광역시 중구 수동 1-6번지
편의시설,대구광역시 중구 수동 5-1번지
편의시설,대구광역시 중구 수동 6번지
편의시설,대구광역시 중구 수동 9-4번지
편의시설,대구광역시 중구 수동 18번지
편의시설,대구광역시 중구 수동 19-3번지
생산시설,대구광역시 중구 수동 22번지
편의시설,대구광역시 중구 수동 27-1번지
편의시설,대구광역시 중구 덕산동
편의시설,대구광역시 중구 덕산동 38번지
편의시설,대구광역시 중구 덕산동 49번지
편의시설,대구광역시 중구 덕산동 53-3번지
판매시설,대구광역시 중구 덕산동 67번지
편의시설,대구광역시 중구 종로1가 6-3번지
편의시설,대구광역시 중구 종로1가 6-5번지
편의시설,대구광역시 중구 종로1가 13-2번지
편의시설,대구광역시 중구 종로1가 13-7번지
편의시설,대구광역시 중구 종로1가 21번지
편의시설,대구광역시 중구 종로1가 22번지
편의시설,대구광역시 중구 종로1가 24-1번지
주거지,대구광역시 중구 종로1가 24-3번지
편의시설,대구광역시 중구 종로1가 28-1번지
편의시설,대구광역시 중구 종로1가 28-2번지
편의시설,대구광역시 중구 종로2가 1번지
편의시설,대구광역시 중구 종로2가 2-1번지
편의시설,대구광역시 중구 종로2가 2-2번지
편의시설,대구광역시 중구 종로2가 3번지
편의시설,대구광역시 중구 종로2가 3-4번지
편의시설,대구광역시 중구 종로2가 4번지
편의시설,대구광역시 중구 종로2가 5번지
편의시설,대구광역시 중구 종로2가 7-1번지
편의시설,대구광역시 중구 종로2가 15번지
판매시설,대구광역시 중구 사일동 15-1번지
주거지,대구광역시 중구 사일동 50-1번지
편의시설,대구광역시 중구 사일동 51-1번지
편의시설,대구광역시 중구 사일동 51-4번지
편의시설,대구광역시 중구 사일동 54-1번지
편의시설,대구광역시 중구 사일동 55-2번지
편의시설,대구광역시 중구 사일동 57-3번지
편의시설,대구광역시 중구 사일동 57-4번지
편의시설,대구광역시 중구 사일동 57-7번지
편의시설,대구광역시 중구 동일동 1-1번지
편의시설,대구광역시 중구 동일동 8-1번지
편의시설,대구광역시 중구 동일동 10-1번지
편의시설,대구광역시 중구 동일동 11-1번지
주거지,대구광역시 중구 동일동 14번지
편의시설,대구광역시 중구 동일동 14-1번지
편의시설,대구광역시 중구 동일동 17-3번지
편의시설,대구광역시 중구 동일동 19-1번지
편의시설,대구광역시 중구 동일동 19-3번지
편의시설,대구광역시 중구 동일동 20번지
교육연구시설,대구광역시 중구 남일동 24-4번지
생산시설,대구광역시 중구 남일동 29-3번지
자동차관련시설,대구광역시 중구 남일동 30-11번지
편의시설,대구광역시 중구 남일동 33-6번지
편의시설,대구광역시 중구 남일동 33-8번지
편의시설,대구광역시 중구 남일동 33-9번지
생산시설,대구광역시 중구 남일동 36-1번지
편의시설,대구광역시 중구 남일동 37-3번지
생산시설,대구광역시 중구 남일동 50-1번지
교육연구시설,대구광역시 중구 남일동 53-5번지
편의시설,대구광역시 중구 전동 3-1번지
편의시설,대구광역시 중구 전동 3-2번지
주거지,대구광역시 중구 전동 3-3번지
주거지,대구광역시 중구 전동 3-4번지
편의시설,대구광역시 중구 전동 4-1번지
주거지,대구광역시 중구 전동 5번지
편의시설,대구광역시 중구 전동 6-2번지
편의시설,대구광역시 중구 전동 6-3번지
편의시설,대구광역시 중구 전동 7-1번지
편의시설,대구광역시 중구 전동 20-1번지
편의시설,대구광역시 중구 동성로3가 1-3번지
편의시설,대구광역시 중구 동성로3가 1-7번지
편의시설,대구광역시 중구 동성로3가 7-3번지
편의시설,대구광역시 중구 동성로3가 7-4번지
편의시설,대구광역시 중구 동성로3가 7-6번지
편의시설,대구광역시 중구 동성로3가 7-7번지
편의시설,대구광역시 중구 동성로3가 8번지
편의시설,대구광역시 중구 동성로3가 8-6번지
편의시설,대구광역시 중구 동성로3가 8-8번지
편의시설,대구광역시 중구 동성로3가 9번지
주거지,대구광역시 중구 동문동 1-2번지
편의시설,대구광역시 중구 동문동 1-3번지
편의시설,대구광역시 중구 동문동 1-4번지
편의시설,대구광역시 중구 동문동 1-7번지
편의시설,대구광역시 중구 동문동 1-9번지
편의시설,대구광역시 중구 동문동 1-12번지
편의시설,대구광역시 중구 동문동 1-14번지
편의시설,대구광역시 중구 동문동 1-18번지
편의시설,대구광역시 중구 동문동 1-19번지
편의시설,대구광역시 중구 동문동 1-20번지
편의시설,대구광역시 중구 문화동 1-1번지
편의시설,대구광역시 중구 문화동 1-2번지
편의시설,대구광역시 중구 문화동 1-3번지
편의시설,대구광역시 중구 문화동 1-4번지
편의시설,대구광역시 중구 문화동 1-6번지
편의시설,대구광역시 중구 문화동 1-7번지
편의시설,대구광역시 중구 문화동 2-3번지
편의시설,대구광역시 중구 문화동 2-4번지
주거지,대구광역시 중구 문화동 2-6번지
창고시설,대구광역시 중구 문화동 2-9번지
편의시설,대구광역시 중구 공평동 1-1번지
편의시설,대구광역시 중구 공평동 1-3번지
편의시설,대구광역시 중구 공평동 1-5번지
편의시설,대구광역시 중구 공평동 1-6번지
편의시설,대구광역시 중구 공평동 8-2번지
편의시설,대구광역시 중구 공평동 8-4번지
편의시설,대구광역시 중구 공평동 8-6번지
주거지,대구광역시 중구 공평동 9번지
편의시설,대구광역시 중구 공평동 10-2번지
주거지,대구광역시 중구 공평동 10-3번지
편의시설,대구광역시 중구 동성로2가 1-1번지
편의시설,대구광역시 중구 동성로2가 1-2번지
편의시설,대구광역시 중구 동성로2가 1-3번지
편의시설,대구광역시 중구 동성로2가 1-4번지
편의시설,대구광역시 중구 동성로2가 2-3번지
편의시설,대구광역시 중구 동성로2가 2-4번지
편의시설,대구광역시 중구 동성로2가 2-5번지
편의시설,대구광역시 중구 동성로2가 4-2번지
편의시설,대구광역시 중구 동성로2가 5-1번지
편의시설,대구광역시 중구 동성로2가 5-2번지
생산시설,대구광역시 중구 태평로1가 1번지
편의시설,대구광역시 중구 태평로1가 1-3번지
주거지,대구광역시 중구 태평로1가 1-25번지
주거지,대구광역시 중구 태평로1가 1-68번지
편의시설,대구광역시 중구 태평로1가 1-90번지
편의시설,대구광역시 중구 태평로1가 1-96번지
판매시설,대구광역시 중구 태평로1가 1-99번지
편의시설,대구광역시 중구 태평로1가 1-152번지
편의시설,대구광역시 중구 교동 3-9번지
편의시설,대구광역시 중구 교동 7-10번지
생산시설,대구광역시 중구 교동 8번지
편의시설,대구광역시 중구 교동 11-17번지
주거지,대구광역시 중구 교동 13-4번지
주거지,대구광역시 중구 교동 15-1번지
편의시설,대구광역시 중구 교동 15-3번지
주거지,대구광역시 중구 교동 16-1번지
주거지,대구광역시 중구 교동 17-3번지
편의시설,대구광역시 중구 교동 18-4번지
주거지,대구광역시 중구 용덕동 1-1번지
편의시설,대구광역시 중구 용덕동 1-4번지
편의시설,대구광역시 중구 용덕동 1-5번지
편의시설,대구광역시 중구 용덕동 1-7번지
편의시설,대구광역시 중구 용덕동 1-8번지
편의시설,대구광역시 중구 용덕동 1-9번지
편의시설,대구광역시 중구 용덕동 1-10번지
편의시설,대구광역시 중구 용덕동 1-11번지
주거지,대구광역시 중구 용덕동 1-12번지
편의시설,대구광역시 중구 용덕동 1-13번지
편의시설,대구광역시 중구 상덕동 1-2번지
편의시설,대구광역시 중구 상덕동 2-3번지
편의시설,대구광역시 중구 상덕동 3-1번지
편의시설,대구광역시 중구 상덕동 3-3번지
편의시설,대구광역시 중구 상덕동 3-4번지
편의시설,대구광역시 중구 상덕동 4-1번지
편의시설,대구광역시 중구 상덕동 4-2번지
편의시설,대구광역시 중구 상덕동 4-3번지
편의시설,대구광역시 중구 상덕동 4-5번지
편의시설,대구광역시 중구 상덕동 4-8번지
주거지,대구광역시 중구 완전동 1-1번지
주거지,대구광역시 중구 완전동 1-2번지
편의시설,대구광역시 중구 완전동 1-3번지
주거지,대구광역시 중구 완전동 1-6번지
주거지,대구광역시 중구 완전동 1-10번지
주거지,대구광역시 중구 완전동 1-11번지
편의시설,대구광역시 중구 완전동 1-15번지
주거지,대구광역시 중구 완전동 1-16번지
주거지,대구광역시 중구 완전동 1-18번지
주거지,대구광역시 중구 완전동 1-20번지
주거지,대구광역시 중구 도원동 2-52번지
주거지,대구광역시 중구 도원동 3번지
편의시설,대구광역시 중구 수창동 20-3번지
편의시설,대구광역시 중구 수창동 20-4번지
창고시설,대구광역시 중구 수창동 21-2번지
편의시설,대구광역시 중구 수창동 21-4번지
창고시설,대구광역시 중구 수창동 21-6번지
창고시설,대구광역시 중구 수창동 21-7번지
창고시설,대구광역시 중구 수창동 21-9번지
창고시설,대구광역시 중구 수창동 21-11번지
창고시설,대구광역시 중구 수창동 21-12번지
편의시설,대구광역시 중구 수창동 24-1번지
주거지,대구광역시 중구 태평로3가 165-1번지
주거지,대구광역시 중구 태평로3가 165-4번지
주거지,대구광역시 중구 태평로3가 170번지
편의시설,대구광역시 중구 태평로3가 170-6번지
창고시설,대구광역시 중구 태평로3가 170-8번지
주거지,대구광역시 중구 태평로3가 171번지
편의시설,대구광역시 중구 태평로3가 174-1번지
편의시설,대구광역시 중구 태평로3가 181번지
편의시설,대구광역시 중구 태평로3가 181-1번지
주거지,대구광역시 중구 태평로3가 182-1번지
주거지,대구광역시 중구 인교동 26-1번지
주거지,대구광역시 중구 인교동 27번지
주거지,대구광역시 중구 인교동 28번지
편의시설,대구광역시 중구 인교동 35번지
주거지,대구광역시 중구 인교동 36-1번지
교육연구시설,대구광역시 중구 인교동 43-1번지
주거지,대구광역시 중구 인교동 44-1번지
교육연구시설,대구광역시 중구 인교동 44-3번지
편의시설,대구광역시 중구 인교동 44-4번지
창고시설,대구광역시 중구 인교동 44-5번지
편의시설,대구광역시 중구 서야동 1-1번지
편의시설,대구광역시 중구 서야동 5-1번지
편의시설,대구광역시 중구 서야동 8번지
편의시설,대구광역시 중구 서야동 9번지
주거지,대구광역시 중구 서야동 10번지
주거지,대구광역시 중구 서야동 10-5번지
주거지,대구광역시 중구 서야동 11-1번지
주거지,대구광역시 중구 서야동 11-3번지
편의시설,대구광역시 중구 서성로1가 2-1번지
편의시설,대구광역시 중구 서성로1가 3번지
편의시설,대구광역시 중구 서성로1가 3-1번지
주거지,대구광역시 중구 서성로1가 5-1번지
주거지,대구광역시 중구 서성로1가 5-3번지
편의시설,대구광역시 중구 서성로1가 7-3번지
생산시설,대구광역시 중구 서성로1가 9-3번지
편의시설,대구광역시 중구 서성로1가 12번지
주거지,대구광역시 중구 서성로1가 13번지
편의시설,대구광역시 중구 시장북로 1-1번지
생산시설,대구광역시 중구 시장북로 1-2번지
편의시설,대구광역시 중구 시장북로 1-8번지
편의시설,대구광역시 중구 시장북로 1-9번지
편의시설,대구광역시 중구 시장북로 1-13번지
편의시설,대구광역시 중구 시장북로 1-14번지
편의시설,대구광역시 중구 시장북로 2-2번지
편의시설,대구광역시 중구 시장북로 2-3번지
주거지,대구광역시 중구 시장북로 2-6번지
편의시설,대구광역시 중구 하서동 1-1번지
편의시설,대구광역시 중구 하서동 1-2번지
편의시설,대구광역시 중구 하서동 2-1번지
편의시설,대구광역시 중구 하서동 2-3번지
편의시설,대구광역시 중구 하서동 2-4번지
편의시설,대구광역시 중구 하서동 8-2번지
생산시설,대구광역시 중구 하서동 13번지
주거지,대구광역시 중구 하서동 17-2번지
주거지,대구광역시 중구 하서동 20번지
주거지,대구광역시 중구 남성로 1번지
편의시설,대구광역시 중구 남성로 2-1번지
생산시설,대구광역시 중구 남성로 5번지
편의시설,대구광역시 중구 남성로 8-3번지
편의시설,대구광역시 중구 남성로 10-2번지
편의시설,대구광역시 중구 남성로 13-2번지
편의시설,대구광역시 중구 남성로 14-4번지
편의시설,대구광역시 중구 남성로 16-2번지
편의시설,대구광역시 중구 계산동1가 2-9번지
주거지,대구광역시 중구 계산동1가 7번지
주거지,대구광역시 중구 계산동1가 8번지
주거지,대구광역시 중구 계산동1가 8-1번지
주거지,대구광역시 중구 계산동1가 13번지
생산시설,대구광역시 중구 계산동1가 14번지
편의시설,대구광역시 중구 계산동1가 14-1번지
생산시설,대구광역시 중구 계산동1가 15번지
편의시설,대구광역시 중구 계산동1가 17번지
편의시설,대구광역시 중구 계산동1가 18번지
문화및집회시설,대구광역시 중구 계산동2가 1-1번지
생산시설,대구광역시 중구 계산동2가 2-2번지
편의시설,대구광역시 중구 계산동2가 6번지
편의시설,대구광역시 중구 계산동2가 7번지
편의시설,대구광역시 중구 계산동2가 8번지
주거지,대구광역시 중구 계산동2가 9번지
편의시설,대구광역시 중구 계산동2가 10번지
주거지,대구광역시 중구 계산동2가 13번지
편의시설,대구광역시 중구 계산동2가 14번지
주거지,대구광역시 중구 계산동2가 15번지
편의시설,대구광역시 중구 동산동 1-2번지
편의시설,대구광역시 중구 동산동 1-4번지
주거지,대구광역시 중구 동산동 1-9번지
주거지,대구광역시 중구 동산동 1-10번지
주거지,대구광역시 중구 동산동 5-2번지
편의시설,대구광역시 중구 동산동 6-2번지
생산시설,대구광역시 중구 동산동 7번지
생산시설,대구광역시 중구 동산동 9-1번지
주거지,대구광역시 중구 서문로2가 1-2번지
주거지,대구광역시 중구 서문로2가 2번지
주거지,대구광역시 중구 서문로2가 4번지
주거지,대구광역시 중구 서문로2가 5-2번지
주거지,대구광역시 중구 서문로2가 5-3번지
주거지,대구광역시 중구 서문로2가 5-4번지
주거지,대구광역시 중구 서문로2가 6-1번지
주거지,대구광역시 중구 서문로2가 6-2번지
주거지,대구광역시 중구 서문로2가 7-1번지
편의시설,대구광역시 중구 서성로2가 2-2번지
편의시설,대구광역시 중구 서성로2가 5-1번지
편의시설,대구광역시 중구 서성로2가 6번지
편의시설,대구광역시 중구 서성로2가 8-1번지
주거지,대구광역시 중구 서성로2가 8-2번지
주거지,대구광역시 중구 서성로2가 10-1번지
편의시설,대구광역시 중구 서성로2가 12-1번지
편의시설,대구광역시 중구 서성로2가 13-5번지
편의시설,대구광역시 중구 서성로2가 17-2번지
편의시설,대구광역시 중구 서성로2가 19-6번지
편의시설,대구광역시 중구 포정동 1번지
편의시설,대구광역시 중구 포정동 2-2번지
편의시설,대구광역시 중구 포정동 3-2번지
편의시설,대구광역시 중구 포정동 3-3번지
편의시설,대구광역시 중구 포정동 4-2번지
편의시설,대구광역시 중구 포정동 5번지
편의시설,대구광역시 중구 포정동 6-2번지
편의시설,대구광역시 중구 포정동 6-3번지
편의시설,대구광역시 중구 포정동 6-4번지
편의시설,대구광역시 중구 포정동 6-6번지
편의시설,대구광역시 중구 서문로1가 1-6번지
편의시설,대구광역시 중구 서문로1가 10-1번지
편의시설,대구광역시 중구 서문로1가 10-2번지
편의시설,대구광역시 중구 서문로1가 10-7번지
편의시설,대구광역시 중구 서문로1가 10-10번지
편의시설,대구광역시 중구 서문로1가 11-1번지
주거지,대구광역시 중구 서문로1가 11-6번지
편의시설,대구광역시 중구 서문로1가 11-7번지
편의시설,대구광역시 중구 서문로1가 11-9번지
주거지,대구광역시 중구 서문로1가 12번지
편의시설,대구광역시 중구 서내동 1-2번지
주거지,대구광역시 중구 서내동 1-7번지
창고시설,대구광역시 중구 서내동 1-11번지
창고시설,대구광역시 중구 서내동 1-13번지
주거지,대구광역시 중구 서내동 1-16번지
편의시설,대구광역시 중구 서내동 1-19번지
편의시설,대구광역시 중구 서내동 1-21번지
편의시설,대구광역시 중구 서내동 1-23번지
편의시설,대구광역시 중구 서내동 1-25번지
편의시설,대구광역시 중구 서내동 1-26번지
생산시설,대구광역시 중구 북성로2가 1-2번지
편의시설,대구광역시 중구 북성로2가 1-5번지
생산시설,대구광역시 중구 북성로2가 2-2번지
편의시설,대구광역시 중구 북성로2가 2-3번지
편의시설,대구광역시 중구 북성로2가 2-5번지
편의시설,대구광역시 중구 북성로2가 2-6번지
편의시설,대구광역시 중구 북성로2가 2-7번지
창고시설,대구광역시 중구 북성로2가 2-8번지
창고시설,대구광역시 중구 북성로2가 2-9번지
편의시설,대구광역시 중구 대안동 1-1번지
편의시설,대구광역시 중구 대안동 1-2번지
주거지,대구광역시 중구 대안동 2-2번지
편의시설,대구광역시 중구 대안동 2-3번지
문화및집회시설,대구광역시 중구 대안동 3-1번지
편의시설,대구광역시 중구 대안동 5번지
편의시설,대구광역시 중구 대안동 6-2번지
편의시설,대구광역시 중구 대안동 8-2번지
편의시설,대구광역시 중구 대안동 9-1번지
편의시설,대구광역시 중구 대안동 10-4번지
편의시설,대구광역시 중구 동성로1가 2-1번지
편의시설,대구광역시 중구 동성로1가 2-2번지
편의시설,대구광역시 중구 동성로1가 2-4번지
편의시설,대구광역시 중구 동성로1가 2-6번지
편의시설,대구광역시 중구 동성로1가 3-2번지
편의시설,대구광역시 중구 동성로1가 3-3번지
편의시설,대구광역시 중구 동성로1가 3-5번지
편의시설,대구광역시 중구 동성로1가 3-6번지
편의시설,대구광역시 중구 동성로1가 5-1번지
편의시설,대구광역시 중구 동성로1가 5-4번지
문화및집회시설,대구광역시 중구 태평로2가 1-1번지
생산시설,대구광역시 중구 태평로2가 1-3번지
편의시설,대구광역시 중구 태평로2가 1-8번지
편의시설,대구광역시 중구 태평로2가 1-9번지
편의시설,대구광역시 중구 태평로2가 1-11번지
생산시설,대구광역시 중구 태평로2가 1-41번지
편의시설,대구광역시 중구 태평로2가 1-50번지
편의시설,대구광역시 중구 태평로2가 1-51번지
편의시설,대구광역시 중구 태평로2가 1-56번지
편의시설,대구광역시 중구 태평로2가 2-1번지
편의시설,대구광역시 중구 북성로1가 1번지
편의시설,대구광역시 중구 북성로1가 1-1번지
편의시설,대구광역시 중구 북성로1가 1-4번지
편의시설,대구광역시 중구 북성로1가 1-5번지
주거지,대구광역시 중구 북성로1가 1-7번지
편의시설,대구광역시 중구 북성로1가 1-8번지
편의시설,대구광역시 중구 북성로1가 1-11번지
편의시설,대구광역시 중구 북성로1가 1-12번지
창고시설,대구광역시 중구 북성로1가 1-15번지
편의시설,대구광역시 중구 화전동 2번지
편의시설,대구광역시 중구 화전동 2-1번지
편의시설,대구광역시 중구 화전동 2-4번지
자동차관련시설,대구광역시 중구 화전동 2-5번지
편의시설,대구광역시 중구 화전동 2-7번지
편의시설,대구광역시 중구 화전동 2-8번지
편의시설,대구광역시 중구 화전동 2-12번지
편의시설,대구광역시 중구 화전동 2-13번지
편의시설,대구광역시 중구 화전동 2-14번지
편의시설,대구광역시 중구 화전동 2-15번지
편의시설,대구광역시 중구 향촌동 2-7번지
편의시설,대구광역시 중구 향촌동 5-5번지
주거지,대구광역시 중구 향촌동 5-8번지
편의시설,대구광역시 중구 향촌동 6번지
편의시설,대구광역시 중구 향촌동 7-3번지
편의시설,대구광역시 중구 향촌동 7-4번지
편의시설,대구광역시 중구 향촌동 7-5번지
편의시설,대구광역시 중구 향촌동 7-6번지
편의시설,대구광역시 중구 향촌동 7-9번지
편의시설,대구광역시 중구 향촌동 8-2번지
주거지,대구광역시 중구 북내동 2번지
주거지,대구광역시 중구 북내동 4-1번지
생산시설,대구광역시 중구 북내동 5번지
주거지,대구광역시 중구 북내동 5-1번지
편의시설,대구광역시 중구 북내동 11-1번지
편의시설,대구광역시 중구 북내동 11-2번지
주거지,대구광역시 중구 북내동 12번지
주거지,대구광역시 중구 북내동 13번지
주거지,대구광역시 중구 북내동 14번지
주거지,대구광역시 중구 북내동 15번지
주거지,대구광역시 중구 대신동
편의시설,대구광역시 중구 대신동 1-2번지
주거지,대구광역시 중구 대신동 1-20번지
주거지,대구광역시 중구 대신동 1-23번지
편의시설,대구광역시 중구 대신동 1-26번지
편의시설,대구광역시 중구 대신동 1-28번지
편의시설,대구광역시 중구 대신동 1-29번지
주거지,대구광역시 중구 대신동 1-30번지
편의시설,대구광역시 중구 달성동 10번지
편의시설,대구광역시 중구 달성동 13-14번지
편의시설,대구광역시 중구 달성동 18-5번지
주거지,대구광역시 중구 달성동 29번지
주거지,대구광역시 중구 달성동 46번지
주거지,대구광역시 중구 달성동 52-11번지
주거지,대구광역시 중구 달성동 86번지
주거지,대구광역시 중구 달성동 90번지
편의시설,대구광역시 중구 달성동 114-32번지
편의시설,대구광역시 중구 달성동 115-11번지
판매시설,대구광역시 중구 남산동 1-90번지
주거지,대구광역시 중구 남산동 47-4번지
주거지,대구광역시 중구 남산동 87-16번지
편의시설,대구광역시 중구 남산동 94-2번지
편의시설,대구광역시 중구 남산동 94-22번지
주거지,대구광역시 중구 남산동 94-24번지
주거지,대구광역시 중구 남산동 94-26번지
자동차관련시설,대구광역시 중구 대봉동 1-1번지
편의시설,대구광역시 중구 대봉동 1-18번지
주거지,대구광역시 중구 대봉동 1-25번지
주거지,대구광역시 중구 대봉동 2-6번지
편의시설,대구광역시 중구 대봉동 2-7번지
편의시설,대구광역시 중구 대봉동 2-8번지
편의시설,대구광역시 중구 대봉동 2-10번지
편의시설,대구광역시 중구 대봉동 2-11번지
편의시설,대구광역시 중구 대봉동 2-20번지
주거지,대구광역시 동구 신암동 20번지
생산시설,대구광역시 동구 신암동 20-1번지
편의시설,대구광역시 동구 신암동 20-14번지
편의시설,대구광역시 동구 신암동 20-15번지
주거지,대구광역시 동구 신암동 20-19번지
주거지,대구광역시 동구 신천동 3-11번지
주거지,대구광역시 동구 신천동 10번지
주거지,대구광역시 동구 신천동 11번지
편의시설,대구광역시 동구 신천동 15-2번지
주거지,대구광역시 동구 신천동 15-3번지
편의시설,대구광역시 동구 효목동 1-9번지
주거지,대구광역시 동구 효목동 2-1번지
편의시설,대구광역시 동구 효목동 3-17번지
주거지,대구광역시 동구 효목동 5-11번지
주거지,대구광역시 동구 효목동 5-51번지
편의시설,대구광역시 동구 효목동 5-52번지
편의시설,대구광역시 동구 효목동 6번지
주거지,대구광역시 동구 효목동 9번지
주거지,대구광역시 동구 평광동 44번지
주거지,대구광역시 동구 평광동 46번지
주거지,대구광역시 동구 평광동 47번지
주거지,대구광역시 동구 평광동 89번지
주거지,대구광역시 동구 평광동 91번지
주거지,대구광역시 동구 평광동 91-1번지
주거지,대구광역시 동구 평광동 92번지
주거지,대구광역시 동구 평광동 96번지
주거지,대구광역시 동구 봉무동 72번지
주거지,대구광역시 동구 봉무동 72-1번지
주거지,대구광역시 동구 봉무동 72-4번지
주거지,대구광역시 동구 봉무동 76번지
주거지,대구광역시 동구 봉무동 80번지
주거지,대구광역시 동구 봉무동 83번지
창고시설,대구광역시 동구 봉무동 84-1번지
농축산업시설,대구광역시 동구 봉무동 88번지
편의시설,대구광역시 동구 불로동 8-3번지
주거지,대구광역시 동구 불로동 16-1번지
주거지,대구광역시 동구 불로동 16-5번지
주거지,대구광역시 동구 불로동 16-6번지
주거지,대구광역시 동구 불로동 16-7번지
주거지,대구광역시 동구 불로동 16-8번지
주거지,대구광역시 동구 불로동 16-9번지
주거지,대구광역시 동구 도동 1-1번지
주거지,대구광역시 동구 도동 1-2번지
주거지,대구광역시 동구 도동 1-3번지
주거지,대구광역시 동구 도동 1-4번지
편의시설,대구광역시 동구 도동 2번지
주거지,대구광역시 동구 도동 2-1번지
편의시설,대구광역시 동구 도동 2-4번지
주거지,대구광역시 동구 도동 3-1번지
주거지,대구광역시 동구 도동 3-3번지
농축산업시설,대구광역시 동구 지저동 5번지
편의시설,대구광역시 동구 지저동 6번지
주거지,대구광역시 동구 지저동 7번지
주거지,대구광역시 동구 지저동 8번지
주거지,대구광역시 동구 지저동 9번지
님비시설,대구광역시 동구 지저동 66번지
님비시설,대구광역시 동구 입석동 1번지
님비시설,대구광역시 동구 입석동 54번지
님비시설,대구광역시 동구 입석동 361-1번지
님비시설,대구광역시 동구 입석동 406번지
창고시설,대구광역시 동구 입석동 480-3번지
주거지,대구광역시 동구 입석동 480-5번지
주거지,대구광역시 동구 입석동 480-10번지
주거지,대구광역시 동구 입석동 480-11번지
주거지,대구광역시 동구 검사동 11-1번지
님비시설,대구광역시 동구 검사동 87-1번지
님비시설,대구광역시 동구 검사동 115-1번지
님비시설,대구광역시 동구 검사동 213번지
님비시설,대구광역시 동구 검사동 214번지
님비시설,대구광역시 동구 검사동 247번지
주거지,대구광역시 동구 검사동 274번지
농축산업시설,대구광역시 동구 방촌동 2-1번지
주거지,대구광역시 동구 방촌동 2-4번지
주거지,대구광역시 동구 방촌동 8-3번지
편의시설,대구광역시 동구 방촌동 14-3번지
편의시설,대구광역시 동구 방촌동 14-7번지
창고시설,대구광역시 동구 둔산동 11번지
주거지,대구광역시 동구 둔산동 13-1번지
주거지,대구광역시 동구 둔산동 15번지
주거지,대구광역시 동구 둔산동 26-1번지
주거지,대구광역시 동구 둔산동 55-1번지
농축산업시설,대구광역시 동구 둔산동 66번지
주거지,대구광역시 동구 둔산동 68-2번지
편의시설,대구광역시 동구 둔산동 75-2번지
편의시설,대구광역시 동구 부동 9-1번지
주거지,대구광역시 동구 부동 9-3번지
주거지,대구광역시 동구 부동 9-4번지
주거지,대구광역시 동구 부동 16번지
주거지,대구광역시 동구 부동 17번지
주거지,대구광역시 동구 부동 20번지
주거지,대구광역시 동구 부동 23-1번지
주거지,대구광역시 동구 부동 25번지
창고시설,대구광역시 동구 신평동 11번지
주거지,대구광역시 동구 신평동 37번지
편의시설,대구광역시 동구 신평동 38번지
편의시설,대구광역시 동구 신평동 39-2번지
편의시설,대구광역시 동구 신평동 40번지
편의시설,대구광역시 동구 신평동 40-1번지
편의시설,대구광역시 동구 신평동 40-2번지
편의시설,대구광역시 동구 신평동 40-7번지
편의시설,대구광역시 동구 신평동 40-8번지
편의시설,대구광역시 동구 서호동 1-2번지
주거지,대구광역시 동구 서호동 4-3번지
주거지,대구광역시 동구 서호동 6번지
편의시설,대구광역시 동구 서호동 6-2번지
주거지,대구광역시 동구 서호동 6-3번지
편의시설,대구광역시 동구 서호동 6-4번지
편의시설,대구광역시 동구 동호동 3-2번지
편의시설,대구광역시 동구 동호동 5-1번지
편의시설,대구광역시 동구 동호동 5-4번지
편의시설,대구광역시 동구 동호동 6-2번지
주거지,대구광역시 동구 동호동 7-1번지
편의시설,대구광역시 동구 동호동 7-3번지
주거지,대구광역시 동구 동호동 7-4번지
편의시설,대구광역시 동구 동호동 7-5번지
교육연구시설,대구광역시 동구 동호동 7-6번지
주거지,대구광역시 동구 동호동 7-9번지
편의시설,대구광역시 동구 신기동 5번지
편의시설,대구광역시 동구 신기동 7번지
편의시설,대구광역시 동구 신기동 8번지
편의시설,대구광역시 동구 신기동 11-2번지
주거지,대구광역시 동구 신기동 12-3번지
편의시설,대구광역시 동구 신기동 12-7번지
주거지,대구광역시 동구 신기동 12-11번지
편의시설,대구광역시 동구 신기동 13-2번지
주거지,대구광역시 동구 신기동 13-3번지
주거지,대구광역시 동구 율하동 11번지
편의시설,대구광역시 동구 율하동 11-9번지
주거지,대구광역시 동구 율하동 13번지
주거지,대구광역시 동구 율하동 33번지
편의시설,대구광역시 동구 율하동 34번지
주거지,대구광역시 동구 율하동 39-2번지
주거지,대구광역시 동구 율하동 39-3번지
주거지,대구광역시 동구 율하동 40번지
주거지,대구광역시 동구 용계동 1번지
생산시설,대구광역시 동구 용계동 5-1번지
편의시설,대구광역시 동구 용계동 6-1번지
님비시설,대구광역시 동구 용계동 6-2번지
주거지,대구광역시 동구 용계동 8번지
주거지,대구광역시 동구 용계동 9번지
주거지,대구광역시 동구 용계동 12번지
편의시설,대구광역시 동구 용계동 13번지
생산시설,대구광역시 동구 율암동 156-3번지
생산시설,대구광역시 동구 율암동 157번지
편의시설,대구광역시 동구 율암동 158-1번지
주거지,대구광역시 동구 율암동 162번지
주거지,대구광역시 동구 율암동 201번지
주거지,대구광역시 동구 율암동 217번지
창고시설,대구광역시 동구 상매동 23번지
주거지,대구광역시 동구 상매동 31번지
창고시설,대구광역시 동구 상매동 40번지
편의시설,대구광역시 동구 상매동 88번지
주거지,대구광역시 동구 상매동 96번지
주거지,대구광역시 동구 상매동 98번지
주거지,대구광역시 동구 상매동 125번지
창고시설,대구광역시 동구 상매동 126번지
주거지,대구광역시 동구 매여동 6번지
주거지,대구광역시 동구 매여동 11번지
주거지,대구광역시 동구 매여동 12번지
주거지,대구광역시 동구 매여동 18번지
주거지,대구광역시 동구 매여동 34번지
창고시설,대구광역시 동구 매여동 36번지
창고시설,대구광역시 동구 매여동 37-1번지
창고시설,대구광역시 동구 매여동 42-1번지
주거지,대구광역시 동구 각산동 8번지
창고시설,대구광역시 동구 각산동 9번지
편의시설,대구광역시 동구 각산동 40-3번지
농축산업시설,대구광역시 동구 각산동 103번지
주거지,대구광역시 동구 각산동 118번지
창고시설,대구광역시 동구 각산동 132-15번지
창고시설,대구광역시 동구 각산동 134번지
창고시설,대구광역시 동구 각산동 177-3번지
편의시설,대구광역시 동구 각산동 178-3번지
편의시설,대구광역시 동구 신서동 17번지
주거지,대구광역시 동구 신서동 62-2번지
창고시설,대구광역시 동구 신서동 68-2번지
주거지,대구광역시 동구 신서동 140번지
주거지,대구광역시 동구 신서동 167번지
주거지,대구광역시 동구 신서동 203번지
편의시설,대구광역시 동구 신서동 416-1번지
주거지,대구광역시 동구 신서동 417-2번지
주거지,대구광역시 동구 신서동 419-1번지
편의시설,대구광역시 동구 동내동 4번지
창고시설,대구광역시 동구 동내동 32번지
창고시설,대구광역시 동구 동내동 58번지
주거지,대구광역시 동구 동내동 80번지
주거지,대구광역시 동구 동내동 100번지
창고시설,대구광역시 동구 동내동 276-2번지
주거지,대구광역시 동구 동내동 297번지
창고시설,대구광역시 동구 괴전동 10-2번지
주거지,대구광역시 동구 괴전동 13-1번지
주거지,대구광역시 동구 괴전동 14-2번지
창고시설,대구광역시 동구 괴전동 64-1번지
편의시설,대구광역시 동구 괴전동 92번지
편의시설,대구광역시 동구 괴전동 92-2번지
주거지,대구광역시 동구 괴전동 95-1번지
주거지,대구광역시 동구 괴전동 95-4번지
주거지,대구광역시 동구 괴전동 95-7번지
주거지,대구광역시 동구 괴전동 95-8번지
창고시설,대구광역시 동구 금강동 33번지
주거지,대구광역시 동구 금강동 49번지
농축산업시설,대구광역시 동구 금강동 51-1번지
농축산업시설,대구광역시 동구 금강동 51-2번지
주거지,대구광역시 동구 금강동 52-3번지
농축산업시설,대구광역시 동구 금강동 64번지
주거지,대구광역시 동구 대림동 13번지
주거지,대구광역시 동구 대림동 19번지
주거지,대구광역시 동구 대림동 21번지
주거지,대구광역시 동구 대림동 43번지
주거지,대구광역시 동구 사복동 34번지
주거지,대구광역시 동구 사복동 37-2번지
농축산업시설,대구광역시 동구 사복동 45번지
주거지,대구광역시 동구 사복동 49번지
주거지,대구광역시 동구 사복동 58번지
주거지,대구광역시 동구 사복동 62번지
주거지,대구광역시 동구 사복동 75번지
주거지,대구광역시 동구 사복동 159-4번지
창고시설,대구광역시 동구 숙천동 5번지
창고시설,대구광역시 동구 숙천동 15번지
주거지,대구광역시 동구 숙천동 15-1번지
창고시설,대구광역시 동구 숙천동 17번지
주거지,대구광역시 동구 숙천동 57번지
주거지,대구광역시 동구 숙천동 85-4번지
주거지,대구광역시 동구 숙천동 87번지
주거지,대구광역시 동구 숙천동 94-1번지
주거지,대구광역시 동구 숙천동 94-2번지
편의시설,대구광역시 동구 내곡동 1번지
주거지,대구광역시 동구 내곡동 28번지
주거지,대구광역시 동구 내곡동 53번지
주거지,대구광역시 동구 내곡동 80번지
주거지,대구광역시 동구 내곡동 87번지
주거지,대구광역시 동구 내곡동 99번지
주거지,대구광역시 동구 내곡동 111번지
주거지,대구광역시 동구 내곡동 113번지
주거지,대구광역시 동구 내곡동 119-1번지
주거지,대구광역시 동구 내곡동 119-2번지
주거지,대구광역시 동구 능성동 6-4번지
주거지,대구광역시 동구 능성동 8번지
주거지,대구광역시 동구 능성동 12번지
주거지,대구광역시 동구 능성동 14번지
주거지,대구광역시 동구 능성동 15번지
주거지,대구광역시 동구 능성동 16번지
주거지,대구광역시 동구 능성동 19-1번지
주거지,대구광역시 동구 능성동 19-2번지
농축산업시설,대구광역시 동구 능성동 21번지
주거지,대구광역시 동구 능성동 23번지
주거지,대구광역시 동구 진인동 4번지
주거지,대구광역시 동구 진인동 12번지
편의시설,대구광역시 동구 진인동 31-1번지
주거지,대구광역시 동구 진인동 31-2번지
편의시설,대구광역시 동구 진인동 33번지
편의시설,대구광역시 동구 진인동 34-1번지
주거지,대구광역시 동구 진인동 48번지
주거지,대구광역시 동구 진인동 66번지
편의시설,대구광역시 동구 도학동 1번지
문화및집회시설,대구광역시 동구 도학동 5번지
편의시설,대구광역시 동구 도학동 8번지
편의시설,대구광역시 동구 도학동 10번지
주거지,대구광역시 동구 도학동 15번지
농축산업시설,대구광역시 동구 백안동 3-1번지
편의시설,대구광역시 동구 백안동 5번지
편의시설,대구광역시 동구 백안동 8-3번지
주거지,대구광역시 동구 백안동 9-1번지
편의시설,대구광역시 동구 백안동 10-2번지
농축산업시설,대구광역시 동구 백안동 13-1번지
농축산업시설,대구광역시 동구 백안동 16-2번지
주거지,대구광역시 동구 미곡동 14-4번지
편의시설,대구광역시 동구 미곡동 74번지
교육연구및복지시설,대구광역시 동구 미곡동 82번지
주거지,대구광역시 동구 미곡동 90번지
주거지,대구광역시 동구 미곡동 92번지
주거지,대구광역시 동구 미곡동 124번지
창고시설,대구광역시 동구 미곡동 130번지
창고시설,대구광역시 동구 미곡동 133번지
주거지,대구광역시 동구 미곡동 134번지
편의시설,대구광역시 동구 용수동 3번지
주거지,대구광역시 동구 용수동 4번지
주거지,대구광역시 동구 용수동 5번지
주거지,대구광역시 동구 용수동 6번지
창고시설,대구광역시 동구 신무동 82-2번지
편의시설,대구광역시 동구 신무동 91번지
편의시설,대구광역시 동구 신무동 91-1번지
주거지,대구광역시 동구 신무동 97-2번지
주거지,대구광역시 동구 신무동 98번지
주거지,대구광역시 동구 신무동 111번지
편의시설,대구광역시 동구 신무동 114-4번지
주거지,대구광역시 동구 신무동 116번지
주거지,대구광역시 동구 신무동 141-3번지
편의시설,대구광역시 동구 신무동 141-6번지
창고시설,대구광역시 동구 미대동 3번지
농축산업시설,대구광역시 동구 미대동 23-2번지
창고시설,대구광역시 동구 미대동 34번지
창고시설,대구광역시 동구 미대동 47번지
편의시설,대구광역시 동구 미대동 80번지
창고시설,대구광역시 동구 미대동 87-1번지
편의시설,대구광역시 동구 미대동 100-1번지
편의시설,대구광역시 동구 내동 23번지
편의시설,대구광역시 동구 내동 52번지
주거지,대구광역시 동구 내동 57번지
농축산업시설,대구광역시 동구 내동 67번지
주거지,대구광역시 동구 내동 75번지
주거지,대구광역시 동구 내동 76번지
주거지,대구광역시 동구 내동 80번지
주거지,대구광역시 동구 신용동 93번지
주거지,대구광역시 동구 신용동 95번지
편의시설,대구광역시 동구 신용동 99번지
주거지,대구광역시 동구 신용동 100번지
주거지,대구광역시 동구 신용동 114번지
주거지,대구광역시 동구 신용동 117번지
주거지,대구광역시 동구 신용동 118번지
주거지,대구광역시 동구 신용동 119번지
주거지,대구광역시 동구 신용동 120번지
주거지,대구광역시 동구 신용동 122번지
편의시설,대구광역시 동구 중대동 1-1번지
편의시설,대구광역시 동구 중대동 4번지
주거지,대구광역시 동구 중대동 6번지
주거지,대구광역시 동구 중대동 7번지
주거지,대구광역시 동구 중대동 8번지
편의시설,대구광역시 동구 중대동 12번지
편의시설,대구광역시 동구 중대동 12-1번지
창고시설,대구광역시 동구 중대동 13번지
편의시설,대구광역시 동구 송정동 22-2번지
주거지,대구광역시 동구 송정동 23번지
주거지,대구광역시 동구 송정동 24번지
편의시설,대구광역시 동구 송정동 24-6번지
주거지,대구광역시 동구 송정동 25번지
주거지,대구광역시 동구 송정동 29번지
주거지,대구광역시 동구 송정동 29-2번지
편의시설,대구광역시 동구 송정동 115번지
주거지,대구광역시 동구 덕곡동 1번지
주거지,대구광역시 동구 덕곡동 18번지
주거지,대구광역시 동구 덕곡동 25번지
주거지,대구광역시 동구 덕곡동 25-1번지
주거지,대구광역시 동구 덕곡동 25-2번지
주거지,대구광역시 동구 덕곡동 25-3번지
편의시설,대구광역시 동구 덕곡동 34번지
주거지,대구광역시 동구 지묘동 3번지
편의시설,대구광역시 동구 지묘동 46번지
창고시설,대구광역시 동구 지묘동 46-1번지
주거지,대구광역시 동구 지묘동 52번지
주거지,대구광역시 동구 지묘동 53번지
편의시설,대구광역시 동구 지묘동 54번지
주거지,대구광역시 동구 지묘동 55번지
주거지,대구광역시 동구 지묘동 56번지
편의시설,대구광역시 동구 지묘동 57-1번지
주거지,대구광역시 서구 내당동 1-1번지
주거지,대구광역시 서구 내당동 1-2번지
주거지,대구광역시 서구 내당동 1-5번지
주거지,대구광역시 서구 내당동 1-6번지
주거지,대구광역시 서구 내당동 1-9번지
주거지,대구광역시 서구 내당동 1-11번지
주거지,대구광역시 서구 내당동 1-12번지
주거지,대구광역시 서구 내당동 1-14번지
편의시설,대구광역시 서구 비산동 2-1번지
주거지,대구광역시 서구 비산동 3번지
주거지,대구광역시 서구 비산동 3-3번지
주거지,대구광역시 서구 비산동 3-5번지
편의시설,대구광역시 서구 비산동 3-6번지
편의시설,대구광역시 서구 비산동 3-8번지
주거지,대구광역시 서구 비산동 3-9번지
주거지,대구광역시 서구 비산동 3-18번지
편의시설,대구광역시 서구 평리동
편의시설,대구광역시 서구 평리동 70-1번지
님비시설,대구광역시 서구 평리동 107-5번지
편의시설,대구광역시 서구 평리동 107-9번지
생산시설,대구광역시 서구 평리동 108-11번지
주거지,대구광역시 서구 평리동 284-2번지
주거지,대구광역시 서구 평리동 284-3번지
주거지,대구광역시 서구 평리동 284-11번지
주거지,대구광역시 서구 평리동 284-12번지
주거지,대구광역시 서구 평리동 284-13번지
님비시설,대구광역시 서구 상리동 2-1번지
주거지,대구광역시 서구 중리동 26-1번지
편의시설,대구광역시 서구 이현동 1-1번지
생산시설,대구광역시 서구 이현동 1-2번지
자원순환관련시설,대구광역시 서구 이현동 1-5번지
생산시설,대구광역시 서구 이현동 1-7번지
생산시설,대구광역시 서구 이현동 1-19번지
창고시설,대구광역시 서구 이현동 1-20번지
생산시설,대구광역시 서구 이현동 1-21번지
편의시설,대구광역시 서구 이현동 1-22번지
주거지,대구광역시 서구 원대동1가 1-1번지
주거지,대구광역시 서구 원대동1가 1-2번지
주거지,대구광역시 서구 원대동1가 1-5번지
편의시설,대구광역시 서구 원대동1가 1-7번지
창고시설,대구광역시 서구 원대동1가 2-3번지
편의시설,대구광역시 서구 원대동1가 2-8번지
주거지,대구광역시 서구 원대동1가 2-9번지
주거지,대구광역시 서구 원대동1가 2-11번지
주거지,대구광역시 서구 원대동1가 3-3번지
편의시설,대구광역시 서구 원대동1가 3-6번지
생산시설,대구광역시 서구 원대동2가 69번지
편의시설,대구광역시 서구 원대동2가 71-2번지
편의시설,대구광역시 서구 원대동2가 72-1번지
편의시설,대구광역시 서구 원대동2가 72-2번지
편의시설,대구광역시 서구 원대동2가 76번지
생산시설,대구광역시 서구 원대동2가 80번지
주거지,대구광역시 서구 원대동2가 81-2번지
편의시설,대구광역시 서구 원대동2가 81-3번지
편의시설,대구광역시 서구 원대동3가 990-7번지
주거지,대구광역시 서구 원대동3가 990-10번지
편의시설,대구광역시 서구 원대동3가 990-11번지
편의시설,대구광역시 서구 원대동3가 990-12번지
편의시설,대구광역시 서구 원대동3가 990-14번지
편의시설,대구광역시 서구 원대동3가 991-2번지
편의시설,대구광역시 서구 원대동3가 991-4번지
편의시설,대구광역시 서구 원대동3가 991-5번지
편의시설,대구광역시 서구 원대동3가 991-7번지
주거지,대구광역시 남구 이천동 12-32번지
주거지,대구광역시 남구 이천동 13-19번지
주거지,대구광역시 남구 이천동 17-8번지
주거지,대구광역시 남구 이천동 28-42번지
주거지,대구광역시 남구 이천동 49-4번지
주거지,대구광역시 남구 이천동 121번지
주거지,대구광역시 남구 이천동 121-1번지
주거지,대구광역시 남구 이천동 121-70번지
생산시설,대구광역시 남구 봉덕동 20-3번지
편의시설,대구광역시 남구 봉덕동 472-2번지
주거지,대구광역시 남구 봉덕동 473-3번지
주거지,대구광역시 남구 봉덕동 473-5번지
주거지,대구광역시 남구 봉덕동 473-8번지
주거지,대구광역시 남구 봉덕동 474-3번지
주거지,대구광역시 남구 봉덕동 474-4번지
주거지,대구광역시 남구 봉덕동 474-5번지
주거지,대구광역시 남구 봉덕동 474-7번지
주거지,대구광역시 남구 대명동 2-6번지
주거지,대구광역시 남구 대명동 2-7번지
편의시설,대구광역시 남구 대명동 2-32번지
주거지,대구광역시 남구 대명동 3-2번지
주거지,대구광역시 남구 대명동 4-4번지
주거지,대구광역시 남구 대명동 4-5번지
주거지,대구광역시 남구 대명동 5-4번지
주거지,대구광역시 남구 대명동 5-15번지
주거지,대구광역시 남구 대명동 5-18번지
주거지,대구광역시 남구 대명동 5-19번지
편의시설,대구광역시 북구 칠성동1가 5-1번지
편의시설,대구광역시 북구 칠성동1가 5-13번지
편의시설,대구광역시 북구 칠성동1가 5-16번지
편의시설,대구광역시 북구 칠성동1가 8-9번지
편의시설,대구광역시 북구 칠성동1가 8-15번지
편의시설,대구광역시 북구 칠성동1가 8-18번지
주거지,대구광역시 북구 칠성동1가 8-20번지
창고시설,대구광역시 북구 칠성동1가 8-21번지
편의시설,대구광역시 북구 칠성동1가 14번지
생산시설,대구광역시 북구 칠성동2가 1-2번지
주거지,대구광역시 북구 칠성동2가 2-2번지
생산시설,대구광역시 북구 칠성동2가 2-4번지
편의시설,대구광역시 북구 고성동1가 35번지
편의시설,대구광역시 북구 고성동1가 41번지
편의시설,대구광역시 북구 고성동1가 42번지
주거지,대구광역시 북구 고성동1가 50-20번지
편의시설,대구광역시 북구 고성동1가 50-25번지
주거지,대구광역시 북구 고성동1가 50-73번지
편의시설,대구광역시 북구 고성동1가 50-75번지
편의시설,대구광역시 북구 고성동2가 1번지
편의시설,대구광역시 북구 고성동2가 2-1번지
편의시설,대구광역시 북구 고성동2가 2-2번지
편의시설,대구광역시 북구 고성동2가 4-1번지
편의시설,대구광역시 북구 고성동2가 4-2번지
주거지,대구광역시 북구 고성동2가 5-4번지
편의시설,대구광역시 북구 고성동2가 5-5번지
편의시설,대구광역시 북구 고성동2가 6번지
편의시설,대구광역시 북구 고성동2가 8-1번지
편의시설,대구광역시 북구 고성동3가 1-2번지
편의시설,대구광역시 북구 고성동3가 1-3번지
편의시설,대구광역시 북구 고성동3가 1-6번지
편의시설,대구광역시 북구 고성동3가 1-8번지
주거지,대구광역시 북구 고성동3가 1-9번지
주거지,대구광역시 북구 고성동3가 1-10번지
창고시설,대구광역시 북구 고성동3가 1-11번지
편의시설,대구광역시 북구 고성동3가 1-12번지
편의시설,대구광역시 북구 고성동3가 1-13번지
편의시설,대구광역시 북구 고성동3가 2번지
편의시설,대구광역시 북구 침산동 3-4번지
주거지,대구광역시 북구 침산동 3-5번지
생산시설,대구광역시 북구 침산동 3-7번지
편의시설,대구광역시 북구 침산동 5-1번지
편의시설,대구광역시 북구 침산동 5-7번지
주거지,대구광역시 북구 침산동 7-3번지
편의시설,대구광역시 북구 침산동 9-3번지
편의시설,대구광역시 북구 침산동 9-4번지
편의시설,대구광역시 북구 침산동 9-5번지
편의시설,대구광역시 북구 침산동 10-1번지
편의시설,대구광역시 북구 노원동1가 1-1번지
편의시설,대구광역시 북구 노원동1가 1-2번지
주거지,대구광역시 북구 노원동1가 1-3번지
주거지,대구광역시 북구 노원동1가 1-6번지
편의시설,대구광역시 북구 노원동1가 1-7번지
편의시설,대구광역시 북구 노원동1가 1-8번지
편의시설,대구광역시 북구 노원동1가 2-2번지
편의시설,대구광역시 북구 노원동1가 2-3번지
편의시설,대구광역시 북구 노원동1가 2-4번지
생산시설,대구광역시 북구 노원동1가 2-5번지
주거지,대구광역시 북구 노원동2가 3번지
창고시설,대구광역시 북구 노원동2가 3-1번지
창고시설,대구광역시 북구 노원동2가 4-1번지
편의시설,대구광역시 북구 노원동2가 5-1번지
편의시설,대구광역시 북구 노원동2가 5-2번지
생산시설,대구광역시 북구 노원동2가 5-3번지
생산시설,대구광역시 북구 노원동2가 6-2번지
편의시설,대구광역시 북구 노원동2가 6-16번지
창고시설,대구광역시 북구 노원동2가 7-1번지
생산시설,대구광역시 북구 노원동3가 1번지
생산시설,대구광역시 북구 노원동3가 1-1번지
생산시설,대구광역시 북구 노원동3가 1-2번지
생산시설,대구광역시 북구 노원동3가 1-3번지
생산시설,대구광역시 북구 노원동3가 1-4번지
생산시설,대구광역시 북구 노원동3가 2-1번지
생산시설,대구광역시 북구 노원동3가 2-3번지
생산시설,대구광역시 북구 노원동3가 3-1번지
생산시설,대구광역시 북구 노원동3가 3-2번지
교육연구시설,대구광역시 북구 대현동 1-2번지
주거지,대구광역시 북구 대현동 1-4번지
주거지,대구광역시 북구 대현동 1-9번지
주거지,대구광역시 북구 대현동 4-3번지
주거지,대구광역시 북구 대현동 6-3번지
편의시설,대구광역시 북구 대현동 14-9번지
편의시설,대구광역시 북구 대현동 14-12번지
주거지,대구광역시 북구 산격동
생산시설,대구광역시 북구 산격동 7-10번지
생산시설,대구광역시 북구 산격동 7-11번지
생산시설,대구광역시 북구 산격동 7-12번지
편의시설,대구광역시 북구 산격동 7-13번지
생산시설,대구광역시 북구 산격동 7-14번지
생산시설,대구광역시 북구 산격동 7-15번지
생산시설,대구광역시 북구 산격동 7-16번지
생산시설,대구광역시 북구 산격동 7-17번지
생산시설,대구광역시 북구 산격동 7-18번지
교육연구시설,대구광역시 북구 복현동
교육연구시설,대구광역시 북구 복현동 8-1번지
주거지,대구광역시 북구 복현동 10-3번지
주거지,대구광역시 북구 복현동 10-4번지
편의시설,대구광역시 북구 검단동 19-7번지
편의시설,대구광역시 북구 검단동 20-3번지
주거지,대구광역시 북구 검단동 29번지
주거지,대구광역시 북구 검단동 34-1번지
주거지,대구광역시 북구 검단동 46번지
주거지,대구광역시 북구 동변동 4-1번지
농축산업시설,대구광역시 북구 동변동 23-2번지
주거지,대구광역시 북구 동변동 24-2번지
농축산업시설,대구광역시 북구 동변동 27번지
농축산업시설,대구광역시 북구 동변동 27-1번지
주거지,대구광역시 북구 동변동 30-1번지
주거지,대구광역시 북구 동변동 33-1번지
주거지,대구광역시 북구 동변동 33-2번지
주거지,대구광역시 북구 동변동 34번지
편의시설,대구광역시 북구 서변동 12-4번지
농축산업시설,대구광역시 북구 서변동 41-3번지
편의시설,대구광역시 북구 서변동 53-2번지
편의시설,대구광역시 북구 서변동 65-1번지
주거지,대구광역시 북구 서변동 65-2번지
주거지,대구광역시 북구 서변동 65-3번지
편의시설,대구광역시 북구 서변동 65-4번지
교육연구시설,대구광역시 북구 서변동 70-1번지
주거지,대구광역시 북구 서변동 78-1번지
편의시설,대구광역시 북구 조야동 11번지
주거지,대구광역시 북구 조야동 26번지
편의시설,대구광역시 북구 조야동 45번지
주거지,대구광역시 북구 조야동 46번지
편의시설,대구광역시 북구 조야동 46-1번지
편의시설,대구광역시 북구 조야동 46-2번지
주거지,대구광역시 북구 조야동 49-2번지
주거지,대구광역시 북구 조야동 50번지
주거지,대구광역시 북구 조야동 51번지
주거지,대구광역시 북구 노곡동 1-1번지
편의시설,대구광역시 북구 노곡동 62번지
편의시설,대구광역시 북구 노곡동 65-1번지
편의시설,대구광역시 북구 노곡동 67-1번지
주거지,대구광역시 북구 노곡동 72번지
주거지,대구광역시 북구 노곡동 72-1번지
주거지,대구광역시 북구 노곡동 72-2번지
주거지,대구광역시 북구 노곡동 72-3번지
주거지,대구광역시 북구 노곡동 72-4번지
주거지,대구광역시 북구 노곡동 72-6번지
교육연구시설,대구광역시 북구 읍내동
주거지,대구광역시 북구 동호동 2번지
주거지,대구광역시 북구 동호동 65번지
주거지,대구광역시 북구 동호동 70-1번지
편의시설,대구광역시 북구 동호동 126번지
편의시설,대구광역시 북구 동호동 126-6번지
편의시설,대구광역시 북구 동호동 127번지
자동차관련시설,대구광역시 북구 동호동 151-2번지
편의시설,대구광역시 북구 학정동
님비시설,대구광역시 북구 학정동 34-1번지
주거지,대구광역시 북구 학정동 44번지
주거지,대구광역시 북구 학정동 45번지
공공용시설,대구광역시 북구 학정동 55-1번지
편의시설,대구광역시 북구 학정동 60번지
편의시설,대구광역시 북구 학정동 63번지
편의시설,대구광역시 북구 도남동
농축산업시설,대구광역시 북구 도남동 36번지
창고시설,대구광역시 북구 도남동 46-1번지
주거지,대구광역시 북구 도남동 51-6번지
주거지,대구광역시 북구 도남동 52-1번지
님비시설,대구광역시 북구 국우동
교육연구시설,대구광역시 북구 국우동 77-1번지
교육연구시설,대구광역시 북구 국우동 129번지
주거지,대구광역시 북구 구암동 1-3번지
창고시설,대구광역시 북구 구암동 1-7번지
주거지,대구광역시 북구 구암동 6번지
주거지,대구광역시 북구 구암동 7-2번지
주거지,대구광역시 북구 구암동 8번지
주거지,대구광역시 북구 구암동 18번지
주거지,대구광역시 북구 구암동 20-2번지
편의시설,대구광역시 북구 동천동
생산시설,대구광역시 북구 동천동 214-8번지
생산시설,대구광역시 북구 동천동 215-1번지
주거지,대구광역시 북구 동천동 223번지
주거지,대구광역시 북구 동천동 224번지
주거지,대구광역시 북구 동천동 225-1번지
편의시설,대구광역시 북구 동천동 225-2번지
주거지,대구광역시 북구 동천동 225-3번지
주거지,대구광역시 북구 동천동 225-4번지
편의시설,대구광역시 북구 관음동
주거지,대구광역시 북구 관음동 5번지
편의시설,대구광역시 북구 관음동 6-1번지
창고시설,대구광역시 북구 관음동 6-2번지
주거지,대구광역시 북구 관음동 6-3번지
편의시설,대구광역시 북구 관음동 7번지
창고시설,대구광역시 북구 관음동 10번지
주거지,대구광역시 북구 태전동 1번지
주거지,대구광역시 북구 태전동 11번지
주거지,대구광역시 북구 태전동 26번지
님비시설,대구광역시 북구 태전동 28-1번지
편의시설,대구광역시 북구 태전동 32-1번지
편의시설,대구광역시 북구 태전동 34-3번지
님비시설,대구광역시 북구 태전동 38번지
편의시설,대구광역시 북구 매천동
주거지,대구광역시 북구 매천동 23번지
주거지,대구광역시 북구 매천동 32-2번지
주거지,대구광역시 북구 매천동 42번지
주거지,대구광역시 북구 매천동 42-1번지
주거지,대구광역시 북구 매천동 42-2번지
주거지,대구광역시 북구 매천동 42-4번지
주거지,대구광역시 북구 매천동 42-5번지
주거지,대구광역시 북구 팔달동
편의시설,대구광역시 북구 팔달동 1-2번지
주거지,대구광역시 북구 팔달동 3-1번지
주거지,대구광역시 북구 팔달동 3-7번지
주거지,대구광역시 북구 팔달동 3-8번지
편의시설,대구광역시 북구 팔달동 4-3번지
편의시설,대구광역시 북구 팔달동 4-20번지
주거지,대구광역시 북구 금호동
주거지,대구광역시 북구 금호동 18번지
주거지,대구광역시 북구 금호동 21번지
편의시설,대구광역시 북구 금호동 33번지
창고시설,대구광역시 북구 금호동 35번지
편의시설,대구광역시 북구 금호동 40번지
주거지,대구광역시 북구 사수동
주거지,대구광역시 북구 사수동 114-1번지
주거지,대구광역시 북구 사수동 114-2번지
주거지,대구광역시 북구 사수동 114-3번지
문화및집회시설,대구광역시 북구 사수동 114-4번지
주거지,대구광역시 북구 사수동 114-6번지
창고시설,대구광역시 북구 사수동 116번지
주거지,대구광역시 북구 사수동 133번지
문화및집회시설,대구광역시 북구 사수동 135번지
농축산업시설,대구광역시 북구 연경동 53-1번지
농축산업시설,대구광역시 북구 연경동 57번지
농축산업시설,대구광역시 북구 연경동 62-1번지
농축산업시설,대구광역시 북구 연경동 65번지
창고시설,대구광역시 북구 연경동 71번지
농축산업시설,대구광역시 북구 연경동 77번지
편의시설,대구광역시 북구 연경동 78번지
농축산업시설,대구광역시 북구 연경동 81번지
방송통신시설,대구광역시 수성구 범어동 1번지
편의시설,대구광역시 수성구 범어동 1-1번지
편의시설,대구광역시 수성구 범어동 1-2번지
편의시설,대구광역시 수성구 범어동 1-3번지
생산시설,대구광역시 수성구 범어동 1-5번지
생산시설,대구광역시 수성구 범어동 1-7번지
생산시설,대구광역시 수성구 범어동 1-8번지
생산시설,대구광역시 수성구 범어동 1-10번지
생산시설,대구광역시 수성구 범어동 2-1번지
편의시설,대구광역시 수성구 범어동 2-3번지
편의시설,대구광역시 수성구 만촌동 21-11번지
편의시설,대구광역시 수성구 만촌동 57번지
편의시설,대구광역시 수성구 만촌동 57-23번지
편의시설,대구광역시 수성구 만촌동 74번지
편의시설,대구광역시 수성구 만촌동 74-8번지
주거지,대구광역시 수성구 만촌동 77-5번지
편의시설,대구광역시 수성구 수성동1가 37-4번지
편의시설,대구광역시 수성구 수성동1가 37-6번지
편의시설,대구광역시 수성구 수성동1가 37-11번지
편의시설,대구광역시 수성구 수성동1가 37-12번지
주거지,대구광역시 수성구 수성동1가 38-6번지
주거지,대구광역시 수성구 수성동1가 38-10번지
주거지,대구광역시 수성구 수성동1가 38-11번지
편의시설,대구광역시 수성구 수성동1가 38-13번지
주거지,대구광역시 수성구 수성동1가 38-14번지
주거지,대구광역시 수성구 수성동1가 38-16번지
편의시설,대구광역시 수성구 수성동2가
생산시설,대구광역시 수성구 수성동2가 1번지
주거지,대구광역시 수성구 수성동2가 1-3번지
교육연구시설,대구광역시 수성구 수성동2가 17-1번지
편의시설,대구광역시 수성구 수성동2가 23-1번지
주거지,대구광역시 수성구 수성동2가 23-3번지
주거지,대구광역시 수성구 수성동2가 24-1번지
편의시설,대구광역시 수성구 수성동2가 24-2번지
주거지,대구광역시 수성구 수성동2가 24-3번지
생산시설,대구광역시 수성구 수성동3가 1번지
편의시설,대구광역시 수성구 수성동3가 2-1번지
편의시설,대구광역시 수성구 수성동3가 5-1번지
편의시설,대구광역시 수성구 수성동3가 8번지
편의시설,대구광역시 수성구 수성동3가 9번지
편의시설,대구광역시 수성구 수성동3가 10번지
주거지,대구광역시 수성구 수성동3가 10-1번지
창고시설,대구광역시 수성구 수성동3가 11번지
편의시설,대구광역시 수성구 수성동3가 12-1번지
편의시설,대구광역시 수성구 수성동3가 14-2번지
주거지,대구광역시 수성구 수성동4가 974-4번지
편의시설,대구광역시 수성구 수성동4가 980-2번지
편의시설,대구광역시 수성구 수성동4가 980-3번지
편의시설,대구광역시 수성구 수성동4가 980-4번지
편의시설,대구광역시 수성구 수성동4가 980-5번지
편의시설,대구광역시 수성구 수성동4가 980-9번지
편의시설,대구광역시 수성구 수성동4가 980-11번지
주거지,대구광역시 수성구 수성동4가 980-12번지
주거지,대구광역시 수성구 황금동 7번지
교육연구시설,대구광역시 수성구 황금동 9번지
주거지,대구광역시 수성구 황금동 11번지
농축산업시설,대구광역시 수성구 황금동 43번지
주거지,대구광역시 수성구 황금동 57-1번지
주거지,대구광역시 수성구 황금동 57-2번지
편의시설,대구광역시 수성구 황금동 57-4번지
님비시설,대구광역시 수성구 중동 7-1번지
주거지,대구광역시 수성구 중동 7-3번지
주거지,대구광역시 수성구 중동 7-4번지
주거지,대구광역시 수성구 중동 7-5번지
주거지,대구광역시 수성구 중동 7-6번지
주거지,대구광역시 수성구 중동 7-7번지
주거지,대구광역시 수성구 중동 7-8번지
주거지,대구광역시 수성구 중동 8-1번지
주거지,대구광역시 수성구 중동 8-2번지
주거지,대구광역시 수성구 중동 8-3번지
편의시설,대구광역시 수성구 상동 1-1번지
편의시설,대구광역시 수성구 상동 1-2번지
편의시설,대구광역시 수성구 상동 1-3번지
주거지,대구광역시 수성구 상동 1-5번지
편의시설,대구광역시 수성구 상동 2-1번지
편의시설,대구광역시 수성구 상동 2-2번지
편의시설,대구광역시 수성구 상동 2-4번지
주거지,대구광역시 수성구 상동 2-5번지
편의시설,대구광역시 수성구 파동 1-1번지
교육연구시설,대구광역시 수성구 파동 2번지
편의시설,대구광역시 수성구 두산동 2번지
편의시설,대구광역시 수성구 두산동 2-1번지
편의시설,대구광역시 수성구 두산동 2-2번지
주거지,대구광역시 수성구 두산동 2-4번지
주거지,대구광역시 수성구 두산동 2-5번지
주거지,대구광역시 수성구 두산동 2-6번지
주거지,대구광역시 수성구 두산동 2-7번지
주거지,대구광역시 수성구 두산동 2-8번지
주거지,대구광역시 수성구 두산동 2-9번지
편의시설,대구광역시 수성구 두산동 3-1번지
편의시설,대구광역시 수성구 지산동 24-1번지
편의시설,대구광역시 수성구 지산동 26번지
편의시설,대구광역시 수성구 지산동 29번지
주거지,대구광역시 수성구 지산동 32번지
주거지,대구광역시 수성구 지산동 37번지
창고시설,대구광역시 수성구 지산동 46번지
편의시설,대구광역시 수성구 지산동 61번지
편의시설,대구광역시 수성구 지산동 63번지
편의시설,대구광역시 수성구 지산동 65-1번지
교육연구시설,대구광역시 수성구 범물동 45번지
주거지,대구광역시 수성구 범물동 53-12번지
자동차관련시설,대구광역시 수성구 범물동 105번지
편의시설,대구광역시 수성구 범물동 105-1번지
자원순환관련시설,대구광역시 수성구 범물동 105-7번지
생산시설,대구광역시 수성구 범물동 134번지
주거지,대구광역시 수성구 시지동
주거지,대구광역시 수성구 시지동 28번지
주거지,대구광역시 수성구 매호동
주거지,대구광역시 수성구 성동
주거지,대구광역시 수성구 성동 6번지
주거지,대구광역시 수성구 성동 10-4번지
주거지,대구광역시 수성구 성동 15-2번지
창고시설,대구광역시 수성구 성동 20번지
주거지,대구광역시 수성구 성동 27번지
주거지,대구광역시 수성구 성동 28번지
주거지,대구광역시 수성구 성동 29번지
편의시설,대구광역시 수성구 사월동 9번지
주거지,대구광역시 수성구 사월동 13번지
편의시설,대구광역시 수성구 사월동 15-1번지
창고시설,대구광역시 수성구 사월동 20-1번지
주거지,대구광역시 수성구 사월동 22-1번지
자동차관련시설,대구광역시 수성구 사월동 26번지
주거지,대구광역시 수성구 사월동 27번지
편의시설,대구광역시 수성구 사월동 27-1번지
생산시설,대구광역시 수성구 신매동 1번지
편의시설,대구광역시 수성구 신매동 10-7번지
편의시설,대구광역시 수성구 신매동 10-8번지
편의시설,대구광역시 수성구 신매동 10-11번지
편의시설,대구광역시 수성구 신매동 10-12번지
주거지,대구광역시 수성구 신매동 10-14번지
편의시설,대구광역시 수성구 욱수동 3번지
편의시설,대구광역시 수성구 욱수동 5번지
주거지,대구광역시 수성구 욱수동 9번지
편의시설,대구광역시 수성구 욱수동 9-1번지
편의시설,대구광역시 수성구 욱수동 11-1번지
생산시설,대구광역시 수성구 욱수동 11-4번지
주거지,대구광역시 수성구 욱수동 44번지
주거지,대구광역시 수성구 욱수동 47번지
편의시설,대구광역시 수성구 욱수동 48-1번지
주거지,대구광역시 수성구 노변동 1-4번지
편의시설,대구광역시 수성구 노변동 4번지
주거지,대구광역시 수성구 노변동 4-1번지
방송통신시설,대구광역시 수성구 노변동 4-2번지
주거지,대구광역시 수성구 노변동 4-5번지
주거지,대구광역시 수성구 노변동 4-12번지
주거지,대구광역시 수성구 노변동 4-13번지
주거지,대구광역시 수성구 노변동 4-14번지
주거지,대구광역시 수성구 삼덕동
주거지,대구광역시 수성구 연호동
주거지,대구광역시 수성구 이천동
주거지,대구광역시 수성구 이천동 2번지
편의시설,대구광역시 수성구 이천동 2-2번지
주거지,대구광역시 수성구 이천동 5-1번지
주거지,대구광역시 수성구 이천동 6번지
생산시설,대구광역시 수성구 이천동 9번지
편의시설,대구광역시 수성구 이천동 11-1번지
편의시설,대구광역시 수성구 이천동 13-2번지
주거지,대구광역시 수성구 고모동
주거지,대구광역시 수성구 고모동 1-1번지
문화및집회시설,대구광역시 수성구 고모동 1-3번지
편의시설,대구광역시 수성구 고모동 6-1번지
주거지,대구광역시 수성구 고모동 11번지
주거지,대구광역시 수성구 고모동 15번지
주거지,대구광역시 수성구 고모동 17번지
편의시설,대구광역시 수성구 고모동 20-1번지
주거지,대구광역시 수성구 가천동
농축산업시설,대구광역시 수성구 가천동 1번지
주거지,대구광역시 수성구 가천동 2-2번지
주거지,대구광역시 수성구 가천동 10번지
농축산업시설,대구광역시 수성구 가천동 21번지
주거지,대구광역시 수성구 가천동 24-2번지
편의시설,대구광역시 수성구 가천동 43번지
편의시설,대구광역시 수성구 가천동 48번지
편의시설,대구광역시 수성구 가천동 94-3번지
편의시설,대구광역시 수성구 가천동 95-4번지
주거지,대구광역시 수성구 대흥동
주거지,대구광역시 수성구 대흥동 23번지
주거지,대구광역시 수성구 대흥동 138-4번지
편의시설,대구광역시 수성구 대흥동 139번지
주거지,대구광역시 달서구 성당동 52-1번지
편의시설,대구광역시 달서구 성당동 52-2번지
주거지,대구광역시 달서구 성당동 52-3번지
주거지,대구광역시 달서구 성당동 52-4번지
주거지,대구광역시 달서구 성당동 52-5번지
주거지,대구광역시 달서구 성당동 52-6번지
주거지,대구광역시 달서구 성당동 52-7번지
주거지,대구광역시 달서구 성당동 52-8번지
주거지,대구광역시 달서구 성당동 52-9번지
자동차관련시설,대구광역시 달서구 두류동 70-18번지
편의시설,대구광역시 달서구 두류동 74-20번지
편의시설,대구광역시 달서구 두류동 74-21번지
주거지,대구광역시 달서구 두류동 74-24번지
편의시설,대구광역시 달서구 두류동 75-14번지
편의시설,대구광역시 달서구 두류동 75-15번지
주거지,대구광역시 달서구 두류동 75-18번지
주거지,대구광역시 달서구 두류동 75-21번지
주거지,대구광역시 달서구 두류동 75-22번지
주거지,대구광역시 달서구 두류동 75-27번지
편의시설,대구광역시 달서구 파호동 1번지
편의시설,대구광역시 달서구 파호동 2번지
주거지,대구광역시 달서구 파호동 5번지
주거지,대구광역시 달서구 파호동 24번지
생산시설,대구광역시 달서구 호림동 1번지
생산시설,대구광역시 달서구 호림동 1-1번지
생산시설,대구광역시 달서구 호림동 1-2번지
생산시설,대구광역시 달서구 호림동 1-3번지
주거지,대구광역시 달서구 갈산동 1번지
생산시설,대구광역시 달서구 갈산동 1-3번지
주거지,대구광역시 달서구 신당동 75-3번지
주거지,대구광역시 달서구 신당동 75-4번지
주거지,대구광역시 달서구 신당동 75-5번지
편의시설,대구광역시 달서구 신당동 75-10번지
주거지,대구광역시 달서구 신당동 75-11번지
주거지,대구광역시 달서구 신당동 78-1번지
주거지,대구광역시 달서구 신당동 78-2번지
편의시설,대구광역시 달서구 신당동 78-3번지
편의시설,대구광역시 달서구 신당동 78-4번지
주거지,대구광역시 달서구 신당동 143번지
주거지,대구광역시 달서구 이곡동 120-1번지
편의시설,대구광역시 달서구 이곡동 120-3번지
편의시설,대구광역시 달서구 이곡동 120-12번지
주거지,대구광역시 달서구 이곡동 121번지
주거지,대구광역시 달서구 이곡동 123번지
주거지,대구광역시 달서구 이곡동 124번지
주거지,대구광역시 달서구 이곡동 124-4번지
편의시설,대구광역시 달서구 이곡동 125번지
생산시설,대구광역시 달서구 장동 4-1번지
편의시설,대구광역시 달서구 장동 4-4번지
님비시설,대구광역시 달서구 장동 6번지
창고시설,대구광역시 달서구 장동 10-3번지
편의시설,대구광역시 달서구 장동 10-5번지
생산시설,대구광역시 달서구 장동 13-2번지
자동차관련시설,대구광역시 달서구 장동 14번지
편의시설,대구광역시 달서구 장기동 1-2번지
창고시설,대구광역시 달서구 장기동 1-4번지
창고시설,대구광역시 달서구 장기동 2-2번지
주거지,대구광역시 달서구 장기동 3-2번지
편의시설,대구광역시 달서구 장기동 3-3번지
주거지,대구광역시 달서구 장기동 3-4번지
주거지,대구광역시 달서구 장기동 5번지
교육연구시설,대구광역시 달서구 용산동 5-1번지
교육연구및복지시설,대구광역시 달서구 용산동 6번지
님비시설,대구광역시 달서구 용산동 6-10번지
주거지,대구광역시 달서구 죽전동 48번지
주거지,대구광역시 달서구 죽전동 59-2번지
주거지,대구광역시 달서구 죽전동 59-6번지
주거지,대구광역시 달서구 죽전동 59-7번지
주거지,대구광역시 달서구 죽전동 59-8번지
편의시설,대구광역시 달서구 죽전동 59-9번지
주거지,대구광역시 달서구 감삼동 20-1번지
주거지,대구광역시 달서구 감삼동 20-2번지
주거지,대구광역시 달서구 감삼동 20-4번지
주거지,대구광역시 달서구 감삼동 20-5번지
주거지,대구광역시 달서구 감삼동 20-6번지
주거지,대구광역시 달서구 감삼동 20-7번지
주거지,대구광역시 달서구 감삼동 20-9번지
주거지,대구광역시 달서구 감삼동 20-10번지
주거지,대구광역시 달서구 감삼동 20-15번지
자동차관련시설,대구광역시 달서구 본리동 1-2번지
판매시설,대구광역시 달서구 본리동 1-8번지
편의시설,대구광역시 달서구 본리동 1-9번지
편의시설,대구광역시 달서구 본리동 2-2번지
편의시설,대구광역시 달서구 본리동 2-4번지
편의시설,대구광역시 달서구 본리동 2-6번지
편의시설,대구광역시 달서구 본리동 2-7번지
주거지,대구광역시 달서구 본리동 2-8번지
편의시설,대구광역시 달서구 본리동 2-9번지
편의시설,대구광역시 달서구 본리동 2-16번지
교육연구시설,대구광역시 달서구 상인동 1번지
주거지,대구광역시 달서구 도원동
주거지,대구광역시 달서구 도원동 51번지
주거지,대구광역시 달서구 도원동 279번지
주거지,대구광역시 달서구 도원동 398번지
주거지,대구광역시 달서구 도원동 470-1번지
주거지,대구광역시 달서구 도원동 470-2번지
주거지,대구광역시 달서구 도원동 475-6번지
편의시설,대구광역시 달서구 진천동 2번지
편의시설,대구광역시 달서구 진천동 2-25번지
편의시설,대구광역시 달서구 진천동 5-6번지
주거지,대구광역시 달서구 진천동 15-1번지
주거지,대구광역시 달서구 유천동 42번지
편의시설,대구광역시 달서구 대천동 291-10번지
생산시설,대구광역시 달서구 대천동 326-1번지
주거지,대구광역시 달서구 월성동
주거지,대구광역시 달서구 월성동 41-2번지
교육연구및복지시설,대구광역시 달서구 월성동 82번지
교육연구시설,대구광역시 달서구 월성동 82-1번지
주거지,대구광역시 달서구 월성동 84번지
주거지,대구광역시 달서구 월암동 1번지
생산시설,대구광역시 달서구 월암동 1-11번지
생산시설,대구광역시 달서구 월암동 1-13번지
생산시설,대구광역시 달서구 월암동 1-14번지
주거지,대구광역시 달서구 송현동 50번지
편의시설,대구광역시 달서구 송현동 55-1번지
편의시설,대구광역시 달서구 대곡동 2번지
주거지,대구광역시 달서구 대곡동 2-1번지
편의시설,대구광역시 달서구 대곡동 2-3번지
편의시설,대구광역시 달서구 대곡동 2-7번지
편의시설,대구광역시 달서구 본동 225-1번지
편의시설,대구광역시 달서구 본동 225-3번지
생산시설,대구광역시 달서구 본동 225-7번지
판매시설,대구광역시 달서구 본동 225-8번지
주거지,대구광역시 달서구 본동 247번지
주거지,대구광역시 달서구 호산동 1번지
교육연구시설,대구광역시 달서구 호산동 1-11번지
주거지,대구광역시 달서구 호산동 14번지
주거지,대구광역시 달서구 호산동 18번지
주거지,대구광역시 달서구 호산동 21번지
주거지,대구광역시 달서구 호산동 23-1번지
주거지,대구광역시 달서구 호산동 41-4번지
교육연구시설,대구광역시 달서구 호산동 105-1번지
편의시설,대구광역시 달성군 화원읍 천내리 19-1번지
주거지,대구광역시 달성군 화원읍 천내리 21번지
주거지,대구광역시 달성군 화원읍 천내리 21-1번지
주거지,대구광역시 달성군 화원읍 천내리 21-2번지
주거지,대구광역시 달성군 화원읍 천내리 21-3번지
주거지,대구광역시 달성군 화원읍 천내리 21-4번지
주거지,대구광역시 달성군 화원읍 천내리 21-5번지
주거지,대구광역시 달성군 화원읍 천내리 21-6번지
주거지,대구광역시 달성군 화원읍 천내리 21-7번지
주거지,대구광역시 달성군 화원읍 천내리 21-8번지
편의시설,대구광역시 달성군 화원읍 구라리 795-2번지
창고시설,대구광역시 달성군 화원읍 구라리 840번지
편의시설,대구광역시 달성군 화원읍 구라리 846번지
주거지,대구광역시 달성군 화원읍 구라리 850-1번지
주거지,대구광역시 달성군 화원읍 구라리 851번지
편의시설,대구광역시 달성군 화원읍 구라리 852번지
주거지,대구광역시 달성군 화원읍 구라리 854번지
주거지,대구광역시 달성군 화원읍 구라리 856번지
주거지,대구광역시 달성군 화원읍 성산리 1번지
주거지,대구광역시 달성군 화원읍 성산리 2번지
생산시설,대구광역시 달성군 화원읍 성산리 3-1번지
창고시설,대구광역시 달성군 화원읍 성산리 3-2번지
생산시설,대구광역시 달성군 화원읍 성산리 5번지
편의시설,대구광역시 달성군 화원읍 성산리 6번지
주거지,대구광역시 달성군 화원읍 성산리 10번지
생산시설,대구광역시 달성군 화원읍 성산리 11번지
생산시설,대구광역시 달성군 화원읍 성산리 11-3번지
창고시설,대구광역시 달성군 화원읍 설화리 139-2번지
편의시설,대구광역시 달성군 화원읍 설화리 147-2번지
생산시설,대구광역시 달성군 화원읍 설화리 148-1번지
생산시설,대구광역시 달성군 화원읍 설화리 149-2번지
생산시설,대구광역시 달성군 화원읍 설화리 151-1번지
생산시설,대구광역시 달성군 화원읍 설화리 151-2번지
편의시설,대구광역시 달성군 화원읍 설화리 154번지
편의시설,대구광역시 달성군 화원읍 설화리 154-1번지
창고시설,대구광역시 달성군 화원읍 설화리 155-1번지
편의시설,대구광역시 달성군 화원읍 설화리 156-1번지
농축산업시설,대구광역시 달성군 화원읍 명곡리 20-1번지
주거지,대구광역시 달성군 화원읍 명곡리 22-1번지
창고시설,대구광역시 달성군 화원읍 명곡리 30-1번지
문화및집회시설,대구광역시 달성군 화원읍 명곡리 62-4번지
편의시설,대구광역시 달성군 화원읍 명곡리 86번지
편의시설,대구광역시 달성군 화원읍 명곡리 100-2번지
주거지,대구광역시 달성군 화원읍 명곡리 101번지
편의시설,대구광역시 달성군 화원읍 본리리 1번지
교육연구시설,대구광역시 달성군 화원읍 본리리 1-1번지
주거지,대구광역시 달성군 화원읍 본리리 1-2번지
주거지,대구광역시 달성군 논공읍 노이리 110번지
주거지,대구광역시 달성군 논공읍 노이리 113번지
주거지,대구광역시 달성군 논공읍 노이리 114번지
주거지,대구광역시 달성군 논공읍 노이리 116번지
주거지,대구광역시 달성군 논공읍 노이리 117번지
주거지,대구광역시 달성군 논공읍 노이리 118번지
주거지,대구광역시 달성군 논공읍 노이리 119번지
주거지,대구광역시 달성군 논공읍 노이리 120번지
창고시설,대구광역시 달성군 논공읍 노이리 150-2번지
편의시설,대구광역시 달성군 논공읍 금포리 303-4번지
농축산업시설,대구광역시 달성군 논공읍 금포리 361번지
생산시설,대구광역시 달성군 논공읍 금포리 454번지
창고시설,대구광역시 달성군 논공읍 금포리 460번지
생산시설,대구광역시 달성군 논공읍 금포리 469-1번지
편의시설,대구광역시 달성군 논공읍 금포리 469-2번지
생산시설,대구광역시 달성군 논공읍 금포리 471-1번지
편의시설,대구광역시 달성군 논공읍 금포리 471-6번지
편의시설,대구광역시 달성군 논공읍 삼리리 1-1번지
편의시설,대구광역시 달성군 논공읍 삼리리 2번지
주거지,대구광역시 달성군 논공읍 삼리리 2-1번지
편의시설,대구광역시 달성군 논공읍 삼리리 3-1번지
생산시설,대구광역시 달성군 논공읍 삼리리 4-6번지
님비시설,대구광역시 달성군 논공읍 삼리리 13-1번지
편의시설,대구광역시 달성군 논공읍 삼리리 22번지
편의시설,대구광역시 달성군 논공읍 삼리리 23번지
편의시설,대구광역시 달성군 논공읍 위천리 3번지
편의시설,대구광역시 달성군 논공읍 위천리 3-3번지
편의시설,대구광역시 달성군 논공읍 위천리 13번지
편의시설,대구광역시 달성군 논공읍 위천리 14-3번지
창고시설,대구광역시 달성군 논공읍 상리 37번지
주거지,대구광역시 달성군 논공읍 상리 58번지
주거지,대구광역시 달성군 논공읍 상리 61번지
주거지,대구광역시 달성군 논공읍 상리 62번지
주거지,대구광역시 달성군 논공읍 상리 73번지
주거지,대구광역시 달성군 논공읍 상리 94번지
창고시설,대구광역시 달성군 논공읍 상리 95번지
창고시설,대구광역시 달성군 논공읍 상리 96번지
주거지,대구광역시 달성군 논공읍 상리 98번지
주거지,대구광역시 달성군 논공읍 상리 99번지
편의시설,대구광역시 달성군 논공읍 하리 71번지
주거지,대구광역시 달성군 논공읍 하리 86번지
주거지,대구광역시 달성군 논공읍 하리 103번지
주거지,대구광역시 달성군 논공읍 하리 105번지
창고시설,대구광역시 달성군 논공읍 하리 108번지
주거지,대구광역시 달성군 논공읍 하리 111번지
생산시설,대구광역시 달성군 논공읍 하리 132번지
주거지,대구광역시 달성군 논공읍 하리 142-1번지
편의시설,대구광역시 달성군 논공읍 하리 149번지
주거지,대구광역시 달성군 논공읍 하리 150번지
편의시설,대구광역시 달성군 논공읍공단출장소 남리 11번지
편의시설,대구광역시 달성군 논공읍공단출장소 남리 11-5번지
편의시설,대구광역시 달성군 논공읍공단출장소 남리 24-1번지
주거지,대구광역시 달성군 논공읍공단출장소 남리 33-1번지
편의시설,대구광역시 달성군 논공읍공단출장소 남리 48-1번지
님비시설,대구광역시 달성군 논공읍공단출장소 남리 48-2번지
편의시설,대구광역시 달성군 논공읍공단출장소 남리 56-5번지
주거지,대구광역시 달성군 논공읍공단출장소 남리 80번지
편의시설,대구광역시 달성군 논공읍공단출장소 남리 110-2번지
편의시설,대구광역시 달성군 논공읍공단출장소 북리 1-1번지
생산시설,대구광역시 달성군 논공읍공단출장소 북리 1-2번지
생산시설,대구광역시 달성군 논공읍공단출장소 북리 1-3번지
생산시설,대구광역시 달성군 논공읍공단출장소 북리 1-5번지
생산시설,대구광역시 달성군 논공읍공단출장소 본리리 29번지
편의시설,대구광역시 달성군 다사읍 이천리 156-2번지
편의시설,대구광역시 달성군 다사읍 이천리 269번지
문화및집회시설,대구광역시 달성군 다사읍 이천리 277번지
편의시설,대구광역시 달성군 다사읍 이천리 297-2번지
편의시설,대구광역시 달성군 다사읍 이천리 305번지
창고시설,대구광역시 달성군 다사읍 이천리 358-2번지
편의시설,대구광역시 달성군 다사읍 이천리 386번지
편의시설,대구광역시 달성군 다사읍 이천리 387번지
주거지,대구광역시 달성군 다사읍 이천리 388번지
편의시설,대구광역시 달성군 다사읍 달천리 38번지
편의시설,대구광역시 달성군 다사읍 달천리 40-5번지
편의시설,대구광역시 달성군 다사읍 달천리 57번지
주거지,대구광역시 달성군 다사읍 달천리 59-1번지
주거지,대구광역시 달성군 다사읍 달천리 59-2번지
주거지,대구광역시 달성군 다사읍 달천리 61번지
주거지,대구광역시 달성군 다사읍 달천리 66번지
편의시설,대구광역시 달성군 다사읍 달천리 67번지
편의시설,대구광역시 달성군 다사읍 박곡리 75번지
편의시설,대구광역시 달성군 다사읍 박곡리 76번지
편의시설,대구광역시 달성군 다사읍 박곡리 77-2번지
편의시설,대구광역시 달성군 다사읍 박곡리 98번지
편의시설,대구광역시 달성군 다사읍 박곡리 106번지
주거지,대구광역시 달성군 다사읍 박곡리 107번지
주거지,대구광역시 달성군 다사읍 박곡리 110번지
주거지,대구광역시 달성군 다사읍 박곡리 111번지
창고시설,대구광역시 달성군 다사읍 박곡리 112번지
주거지,대구광역시 달성군 다사읍 박곡리 112-1번지
자동차관련시설,대구광역시 달성군 다사읍 방천리 26-1번지
주거지,대구광역시 달성군 다사읍 방천리 81-1번지
주거지,대구광역시 달성군 다사읍 방천리 83-1번지
주거지,대구광역시 달성군 다사읍 방천리 88-1번지
주거지,대구광역시 달성군 다사읍 방천리 89-1번지
농축산업시설,대구광역시 달성군 다사읍 방천리 89-3번지
생산시설,대구광역시 달성군 다사읍 방천리 91-4번지
주거지,대구광역시 달성군 다사읍 방천리 96번지
주거지,대구광역시 달성군 다사읍 방천리 97-1번지
주거지,대구광역시 달성군 다사읍 방천리 97-3번지
생산시설,대구광역시 달성군 다사읍 서재리 1-1번지
편의시설,대구광역시 달성군 다사읍 서재리 4-2번지
자원순환관련시설,대구광역시 달성군 다사읍 서재리 4-4번지
창고시설,대구광역시 달성군 다사읍 서재리 9-1번지
생산시설,대구광역시 달성군 다사읍 서재리 13번지
생산시설,대구광역시 달성군 다사읍 세천리 95번지
주거지,대구광역시 달성군 다사읍 세천리 125-1번지
주거지,대구광역시 달성군 다사읍 세천리 125-2번지
주거지,대구광역시 달성군 다사읍 세천리 126번지
주거지,대구광역시 달성군 다사읍 세천리 127번지
편의시설,대구광역시 달성군 다사읍 세천리 129번지
편의시설,대구광역시 달성군 다사읍 세천리 132-3번지
주거지,대구광역시 달성군 다사읍 세천리 132-6번지
주거지,대구광역시 달성군 다사읍 세천리 133번지
편의시설,대구광역시 달성군 다사읍 죽곡리 1-6번지
편의시설,대구광역시 달성군 다사읍 죽곡리 1-7번지
편의시설,대구광역시 달성군 다사읍 죽곡리 1-8번지
편의시설,대구광역시 달성군 다사읍 죽곡리 1-10번지
편의시설,대구광역시 달성군 다사읍 죽곡리 2-1번지
주거지,대구광역시 달성군 다사읍 죽곡리 5-2번지
주거지,대구광역시 달성군 다사읍 죽곡리 5-3번지
님비시설,대구광역시 달성군 다사읍 죽곡리 5-6번지
편의시설,대구광역시 달성군 다사읍 매곡리 30-4번지
편의시설,대구광역시 달성군 다사읍 매곡리 228-1번지
주거지,대구광역시 달성군 다사읍 매곡리 228-3번지
교육연구시설,대구광역시 달성군 다사읍 매곡리 229-1번지
주거지,대구광역시 달성군 다사읍 매곡리 229-5번지
농축산업시설,대구광역시 달성군 다사읍 부곡리 78번지
편의시설,대구광역시 달성군 다사읍 부곡리 80번지
농축산업시설,대구광역시 달성군 다사읍 부곡리 103번지
편의시설,대구광역시 달성군 다사읍 부곡리 107번지
편의시설,대구광역시 달성군 다사읍 부곡리 110-1번지
편의시설,대구광역시 달성군 다사읍 부곡리 111번지
편의시설,대구광역시 달성군 다사읍 부곡리 112번지
주거지,대구광역시 달성군 다사읍 부곡리 114번지
주거지,대구광역시 달성군 다사읍 부곡리 116번지
편의시설,대구광역시 달성군 다사읍 문양리 78번지
농축산업시설,대구광역시 달성군 다사읍 문양리 90번지
주거지,대구광역시 달성군 다사읍 문양리 94번지
주거지,대구광역시 달성군 다사읍 문양리 95번지
농축산업시설,대구광역시 달성군 다사읍 문양리 106번지
주거지,대구광역시 달성군 다사읍 문양리 112번지
주거지,대구광역시 달성군 다사읍 문양리 113번지
주거지,대구광역시 달성군 다사읍 문양리 114번지
주거지,대구광역시 달성군 다사읍 문양리 115번지
주거지,대구광역시 달성군 다사읍 문양리 118번지
편의시설,대구광역시 달성군 다사읍 문산리 4-5번지
님비시설,대구광역시 달성군 다사읍 문산리 40-5번지
주거지,대구광역시 달성군 다사읍 문산리 47-1번지
주거지,대구광역시 달성군 다사읍 문산리 47-2번지
주거지,대구광역시 달성군 다사읍 문산리 47-3번지
편의시설,대구광역시 달성군 다사읍 문산리 59-4번지
편의시설,대구광역시 달성군 유가읍 음리 12-2번지
편의시설,대구광역시 달성군 유가읍 음리 12-3번지
편의시설,대구광역시 달성군 유가읍 음리 23-2번지
주거지,대구광역시 달성군 유가읍 음리 25번지
주거지,대구광역시 달성군 유가읍 음리 26번지
농축산업시설,대구광역시 달성군 유가읍 음리 29번지
주거지,대구광역시 달성군 유가읍 음리 45번지
편의시설,대구광역시 달성군 유가읍 음리 48-3번지
주거지,대구광역시 달성군 유가읍 음리 57번지
편의시설,대구광역시 달성군 유가읍 양리 68번지
주거지,대구광역시 달성군 유가읍 양리 115번지
편의시설,대구광역시 달성군 유가읍 양리 117번지
주거지,대구광역시 달성군 유가읍 양리 123-2번지
주거지,대구광역시 달성군 유가읍 양리 124-1번지
주거지,대구광역시 달성군 유가읍 양리 126번지
농축산업시설,대구광역시 달성군 유가읍 양리 130-1번지
편의시설,대구광역시 달성군 유가읍 양리 143번지
편의시설,대구광역시 달성군 유가읍 용리 2번지
문화및집회시설,대구광역시 달성군 유가읍 용리 4번지
편의시설,대구광역시 달성군 유가읍 용리 15번지
편의시설,대구광역시 달성군 유가읍 용리 19번지
편의시설,대구광역시 달성군 유가읍 용리 22번지
편의시설,대구광역시 달성군 유가읍 용리 29-1번지
편의시설,대구광역시 달성군 유가읍 용리 31-2번지
편의시설,대구광역시 달성군 유가읍 용리 38번지
주거지,대구광역시 달성군 유가읍 용리 42번지
농축산업시설,대구광역시 달성군 유가읍 봉리 59-5번지
문화및집회시설,대구광역시 달성군 유가읍 봉리 67-8번지
농축산업시설,대구광역시 달성군 유가읍 봉리 68번지
편의시설,대구광역시 달성군 유가읍 봉리 68-3번지
주거지,대구광역시 달성군 유가읍 봉리 85번지
생산시설,대구광역시 달성군 유가읍 봉리 103번지
주거지,대구광역시 달성군 유가읍 봉리 389-1번지
주거지,대구광역시 달성군 유가읍 봉리 570-3번지
주거지,대구광역시 달성군 유가읍 쌍계리 50번지
농축산업시설,대구광역시 달성군 유가읍 쌍계리 65-3번지
주거지,대구광역시 달성군 유가읍 쌍계리 66-2번지
주거지,대구광역시 달성군 유가읍 쌍계리 66-3번지
주거지,대구광역시 달성군 유가읍 쌍계리 66-4번지
주거지,대구광역시 달성군 유가읍 쌍계리 67번지
주거지,대구광역시 달성군 유가읍 쌍계리 68번지
주거지,대구광역시 달성군 유가읍 쌍계리 69번지
주거지,대구광역시 달성군 유가읍 쌍계리 70번지
편의시설,대구광역시 달성군 유가읍 초곡리 38번지
주거지,대구광역시 달성군 유가읍 초곡리 44번지
농축산업시설,대구광역시 달성군 유가읍 초곡리 75번지
주거지,대구광역시 달성군 유가읍 초곡리 78번지
주거지,대구광역시 달성군 유가읍 초곡리 92번지
주거지,대구광역시 달성군 유가읍 초곡리 189번지
주거지,대구광역시 달성군 유가읍 초곡리 193번지
주거지,대구광역시 달성군 유가읍 초곡리 200-1번지
주거지,대구광역시 달성군 유가읍 상리 69번지
주거지,대구광역시 달성군 유가읍 상리 69-3번지
창고시설,대구광역시 달성군 유가읍 상리 87번지
주거지,대구광역시 달성군 유가읍 상리 95번지
주거지,대구광역시 달성군 유가읍 상리 98번지
주거지,대구광역시 달성군 유가읍 상리 133-1번지
창고시설,대구광역시 달성군 유가읍 상리 142-1번지
주거지,대구광역시 달성군 유가읍 상리 187번지
생산시설,대구광역시 달성군 유가읍 금리 7번지
주거지,대구광역시 달성군 유가읍 유곡리 106번지
주거지,대구광역시 달성군 유가읍 유곡리 107번지
주거지,대구광역시 달성군 유가읍 유곡리 108번지
주거지,대구광역시 달성군 유가읍 유곡리 108-1번지
주거지,대구광역시 달성군 유가읍 유곡리 109번지
주거지,대구광역시 달성군 유가읍 유곡리 110-1번지
주거지,대구광역시 달성군 유가읍 도의리 23번지
주거지,대구광역시 달성군 유가읍 도의리 24번지
주거지,대구광역시 달성군 유가읍 도의리 27번지
주거지,대구광역시 달성군 유가읍 도의리 29번지
주거지,대구광역시 달성군 유가읍 도의리 32번지
주거지,대구광역시 달성군 유가읍 도의리 36번지
주거지,대구광역시 달성군 유가읍 도의리 37번지
주거지,대구광역시 달성군 유가읍 도의리 38번지
주거지,대구광역시 달성군 유가읍 가태리 17번지
주거지,대구광역시 달성군 유가읍 가태리 59번지
주거지,대구광역시 달성군 유가읍 가태리 62번지
주거지,대구광역시 달성군 유가읍 가태리 68번지
편의시설,대구광역시 달성군 유가읍 가태리 68-1번지
주거지,대구광역시 달성군 유가읍 가태리 135번지
농축산업시설,대구광역시 달성군 유가읍 가태리 136번지
주거지,대구광역시 달성군 유가읍 가태리 138-1번지
주거지,대구광역시 달성군 유가읍 한정리 10-1번지
편의시설,대구광역시 달성군 유가읍 한정리 11번지
생산시설,대구광역시 달성군 유가읍 한정리 14번지
주거지,대구광역시 달성군 유가읍 한정리 21번지
주거지,대구광역시 달성군 유가읍 한정리 24번지
주거지,대구광역시 달성군 유가읍 한정리 26번지
창고시설,대구광역시 달성군 유가읍 한정리 27번지
주거지,대구광역시 달성군 유가읍 한정리 29번지
주거지,대구광역시 달성군 유가읍 본말리 10번지
주거지,대구광역시 달성군 유가읍 본말리 26번지
주거지,대구광역시 달성군 유가읍 본말리 27번지
주거지,대구광역시 달성군 유가읍 본말리 29번지
주거지,대구광역시 달성군 유가읍 본말리 30번지
주거지,대구광역시 달성군 유가읍 본말리 31번지
주거지,대구광역시 달성군 유가읍 본말리 38번지
주거지,대구광역시 달성군 유가읍 본말리 39번지
주거지,대구광역시 달성군 유가읍 본말리 41번지
주거지,대구광역시 달성군 옥포읍 1118번지
농축산업시설,대구광역시 달성군 옥포읍 신당리 95번지
자원순환관련시설,대구광역시 달성군 옥포읍 신당리 238-1번지
농축산업시설,대구광역시 달성군 옥포읍 신당리 687번지
편의시설,대구광역시 달성군 옥포읍 신당리 926번지
주거지,대구광역시 달성군 옥포읍 신당리 960-1번지
주거지,대구광역시 달성군 옥포읍 신당리 960-2번지
주거지,대구광역시 달성군 옥포읍 신당리 960-5번지
주거지,대구광역시 달성군 옥포읍 신당리 961-1번지
농축산업시설,대구광역시 달성군 옥포읍 교항리 114번지
창고시설,대구광역시 달성군 옥포읍 교항리 319번지
편의시설,대구광역시 달성군 옥포읍 교항리 321번지
농축산업시설,대구광역시 달성군 옥포읍 교항리 348번지
편의시설,대구광역시 달성군 옥포읍 교항리 417번지
창고시설,대구광역시 달성군 옥포읍 교항리 561번지
편의시설,대구광역시 달성군 옥포읍 교항리 1060번지
생산시설,대구광역시 달성군 옥포읍 교항리 1060-1번지
농축산업시설,대구광역시 달성군 옥포읍 강림리 7-1번지
창고시설,대구광역시 달성군 옥포읍 강림리 42-5번지
농축산업시설,대구광역시 달성군 옥포읍 강림리 51-2번지
주거지,대구광역시 달성군 옥포읍 강림리 51-4번지
편의시설,대구광역시 달성군 옥포읍 강림리 66-1번지
편의시설,대구광역시 달성군 옥포읍 강림리 66-2번지
농축산업시설,대구광역시 달성군 옥포읍 강림리 67-1번지
농축산업시설,대구광역시 달성군 옥포읍 송촌리 241-1번지
창고시설,대구광역시 달성군 옥포읍 송촌리 281-3번지
주거지,대구광역시 달성군 옥포읍 송촌리 293-4번지
농축산업시설,대구광역시 달성군 옥포읍 송촌리 294-1번지
주거지,대구광역시 달성군 옥포읍 송촌리 304번지
주거지,대구광역시 달성군 옥포읍 송촌리 308번지
주거지,대구광역시 달성군 옥포읍 송촌리 308-1번지
주거지,대구광역시 달성군 옥포읍 송촌리 309번지
편의시설,대구광역시 달성군 옥포읍 송촌리 311번지
농축산업시설,대구광역시 달성군 옥포읍 송촌리 316-1번지
편의시설,대구광역시 달성군 옥포읍 간경리 4-6번지
창고시설,대구광역시 달성군 옥포읍 간경리 220-4번지
자원순환관련시설,대구광역시 달성군 옥포읍 간경리 339-7번지
농축산업시설,대구광역시 달성군 옥포읍 간경리 398번지
생산시설,대구광역시 달성군 옥포읍 간경리 485번지
생산시설,대구광역시 달성군 옥포읍 간경리 486번지
생산시설,대구광역시 달성군 옥포읍 간경리 487번지
생산시설,대구광역시 달성군 옥포읍 간경리 489번지
생산시설,대구광역시 달성군 옥포읍 간경리 490번지
주거지,대구광역시 달성군 옥포읍 기세리 16번지
주거지,대구광역시 달성군 옥포읍 기세리 22-1번지
농축산업시설,대구광역시 달성군 옥포읍 기세리 26-1번지
편의시설,대구광역시 달성군 옥포읍 기세리 26-3번지
편의시설,대구광역시 달성군 옥포읍 기세리 65-3번지
편의시설,대구광역시 달성군 옥포읍 기세리 98번지
주거지,대구광역시 달성군 옥포읍 기세리 101번지
주거지,대구광역시 달성군 옥포읍 기세리 109번지
주거지,대구광역시 달성군 옥포읍 반송리 45번지
주거지,대구광역시 달성군 옥포읍 반송리 59-2번지
편의시설,대구광역시 달성군 옥포읍 반송리 67번지
편의시설,대구광역시 달성군 옥포읍 반송리 67-3번지
편의시설,대구광역시 달성군 옥포읍 반송리 68-3번지
주거지,대구광역시 달성군 옥포읍 반송리 72번지
주거지,대구광역시 달성군 옥포읍 반송리 94-1번지
주거지,대구광역시 달성군 옥포읍 반송리 95번지
편의시설,대구광역시 달성군 옥포읍 반송리 99-2번지
편의시설,대구광역시 달성군 옥포읍 반송리 101번지
농축산업시설,대구광역시 달성군 옥포읍 김흥리 1번지
농축산업시설,대구광역시 달성군 옥포읍 김흥리 16번지
농축산업시설,대구광역시 달성군 옥포읍 김흥리 38번지
주거지,대구광역시 달성군 옥포읍 김흥리 76번지
주거지,대구광역시 달성군 옥포읍 김흥리 79번지
주거지,대구광역시 달성군 옥포읍 김흥리 80번지
주거지,대구광역시 달성군 옥포읍 김흥리 81번지
편의시설,대구광역시 달성군 옥포읍 본리리 1번지
편의시설,대구광역시 달성군 옥포읍 본리리 64-11번지
편의시설,대구광역시 달성군 옥포읍 본리리 68-1번지
주거지,대구광역시 달성군 옥포읍 본리리 197-2번지
주거지,대구광역시 달성군 옥포읍 본리리 605-1번지
주거지,대구광역시 달성군 옥포읍 본리리 605-4번지
주거지,대구광역시 달성군 옥포읍 본리리 605-5번지
주거지,대구광역시 달성군 옥포읍 본리리 605-6번지
편의시설,대구광역시 달성군 옥포읍 본리리 666-1번지
창고시설,대구광역시 달성군 현풍읍 상리 14-2번지
편의시설,대구광역시 달성군 현풍읍 상리 184번지
주거지,대구광역시 달성군 현풍읍 상리 186-1번지
주거지,대구광역시 달성군 현풍읍 상리 186-2번지
주거지,대구광역시 달성군 현풍읍 상리 186-3번지
편의시설,대구광역시 달성군 현풍읍 상리 187번지
주거지,대구광역시 달성군 현풍읍 상리 188번지
창고시설,대구광역시 달성군 현풍읍 상리 194번지
편의시설,대구광역시 달성군 현풍읍 상리 276번지
편의시설,대구광역시 달성군 현풍읍 중리 91번지
주거지,대구광역시 달성군 현풍읍 중리 91-1번지
주거지,대구광역시 달성군 현풍읍 중리 91-2번지
편의시설,대구광역시 달성군 현풍읍 중리 91-3번지
편의시설,대구광역시 달성군 현풍읍 중리 92-1번지
편의시설,대구광역시 달성군 현풍읍 중리 94-2번지
문화및집회시설,대구광역시 달성군 현풍읍 중리 94-4번지
주거지,대구광역시 달성군 현풍읍 부리 140번지
주거지,대구광역시 달성군 현풍읍 부리 142번지
주거지,대구광역시 달성군 현풍읍 부리 143-1번지
주거지,대구광역시 달성군 현풍읍 부리 143-2번지
주거지,대구광역시 달성군 현풍읍 부리 143-3번지
주거지,대구광역시 달성군 현풍읍 부리 143-5번지
주거지,대구광역시 달성군 현풍읍 부리 143-7번지
주거지,대구광역시 달성군 현풍읍 부리 143-10번지
주거지,대구광역시 달성군 현풍읍 부리 143-11번지
편의시설,대구광역시 달성군 현풍읍 하리 1-2번지
주거지,대구광역시 달성군 현풍읍 하리 2-3번지
주거지,대구광역시 달성군 현풍읍 하리 2-4번지
주거지,대구광역시 달성군 현풍읍 하리 3-2번지
주거지,대구광역시 달성군 현풍읍 하리 5번지
주거지,대구광역시 달성군 현풍읍 하리 7-1번지
편의시설,대구광역시 달성군 현풍읍 하리 8번지
주거지,대구광역시 달성군 현풍읍 하리 9번지
주거지,대구광역시 달성군 현풍읍 하리 11번지
주거지,대구광역시 달성군 현풍읍 하리 13번지
편의시설,대구광역시 달성군 현풍읍 성하리 21-2번지
편의시설,대구광역시 달성군 현풍읍 성하리 23번지
편의시설,대구광역시 달성군 현풍읍 성하리 30번지
편의시설,대구광역시 달성군 현풍읍 성하리 31번지
창고시설,대구광역시 달성군 현풍읍 성하리 62번지
장례시설,대구광역시 달성군 현풍읍 성하리 68번지
님비시설,대구광역시 달성군 현풍읍 성하리 100번지
편의시설,대구광역시 달성군 현풍읍 원교리 1-1번지
편의시설,대구광역시 달성군 현풍읍 원교리 1-2번지
편의시설,대구광역시 달성군 현풍읍 원교리 6-1번지
편의시설,대구광역시 달성군 현풍읍 원교리 6-3번지
주거지,대구광역시 달성군 현풍읍 원교리 6-4번지
주거지,대구광역시 달성군 현풍읍 원교리 7번지
주거지,대구광역시 달성군 현풍읍 원교리 8번지
편의시설,대구광역시 달성군 현풍읍 원교리 10번지
님비시설,대구광역시 달성군 현풍읍 자모리 31번지
편의시설,대구광역시 달성군 현풍읍 자모리 31-2번지
님비시설,대구광역시 달성군 현풍읍 자모리 31-4번지
편의시설,대구광역시 달성군 현풍읍 자모리 45번지
농축산업시설,대구광역시 달성군 현풍읍 자모리 185번지
주거지,대구광역시 달성군 현풍읍 자모리 209-1번지
주거지,대구광역시 달성군 현풍읍 자모리 215번지
농축산업시설,대구광역시 달성군 현풍읍 오산리 13-1번지
농축산업시설,대구광역시 달성군 현풍읍 오산리 23번지
농축산업시설,대구광역시 달성군 현풍읍 오산리 24번지
농축산업시설,대구광역시 달성군 현풍읍 오산리 33번지
주거지,대구광역시 달성군 현풍읍 오산리 36-1번지
농축산업시설,대구광역시 달성군 현풍읍 오산리 39번지
주거지,대구광역시 달성군 현풍읍 오산리 43번지
주거지,대구광역시 달성군 현풍읍 오산리 44번지
농축산업시설,대구광역시 달성군 현풍읍 오산리 44-3번지
주거지,대구광역시 달성군 현풍읍 오산리 45-2번지
농축산업시설,대구광역시 달성군 현풍읍 지리 17번지
농축산업시설,대구광역시 달성군 현풍읍 지리 21-2번지
농축산업시설,대구광역시 달성군 현풍읍 지리 29번지
농축산업시설,대구광역시 달성군 현풍읍 지리 30번지
농축산업시설,대구광역시 달성군 현풍읍 지리 31-2번지
농축산업시설,대구광역시 달성군 현풍읍 지리 33번지
농축산업시설,대구광역시 달성군 현풍읍 지리 60-2번지
농축산업시설,대구광역시 달성군 현풍읍 지리 64번지
농축산업시설,대구광역시 달성군 현풍읍 대리 8-1번지
주거지,대구광역시 달성군 현풍읍 대리 15번지
주거지,대구광역시 달성군 현풍읍 대리 16번지
창고시설,대구광역시 달성군 현풍읍 대리 44-10번지
창고시설,대구광역시 달성군 현풍읍 대리 44-15번지
주거지,대구광역시 달성군 현풍읍 대리 48번지
편의시설,대구광역시 달성군 현풍읍 대리 49번지
주거지,대구광역시 달성군 현풍읍 신기리 6-7번지
생산시설,대구광역시 달성군 현풍읍 신기리 19번지
편의시설,대구광역시 달성군 현풍읍 신기리 25번지
님비시설,대구광역시 달성군 현풍읍 신기리 26번지
편의시설,대구광역시 달성군 현풍읍 신기리 30-1번지
편의시설,대구광역시 달성군 현풍읍 신기리 56번지
주거지,대구광역시 달성군 가창면 237번지
농축산업시설,대구광역시 달성군 가창면 762-4번지
주거지,대구광역시 달성군 가창면 816-1번지
주거지,대구광역시 달성군 가창면 854번지
편의시설,대구광역시 달성군 가창면 용계리 4-2번지
주거지,대구광역시 달성군 가창면 용계리 4-5번지
주거지,대구광역시 달성군 가창면 용계리 4-6번지
주거지,대구광역시 달성군 가창면 용계리 4-7번지
주거지,대구광역시 달성군 가창면 용계리 4-8번지
편의시설,대구광역시 달성군 가창면 용계리 4-9번지
주거지,대구광역시 달성군 가창면 용계리 4-10번지
주거지,대구광역시 달성군 가창면 용계리 4-11번지
주거지,대구광역시 달성군 가창면 용계리 4-12번지
주거지,대구광역시 달성군 가창면 오리 45-2번지
주거지,대구광역시 달성군 가창면 오리 45-3번지
주거지,대구광역시 달성군 가창면 오리 45-4번지
주거지,대구광역시 달성군 가창면 오리 45-5번지
주거지,대구광역시 달성군 가창면 오리 45-6번지
주거지,대구광역시 달성군 가창면 오리 45-7번지
주거지,대구광역시 달성군 가창면 오리 45-8번지
주거지,대구광역시 달성군 가창면 정대리 30번지
주거지,대구광역시 달성군 가창면 정대리 61번지
주거지,대구광역시 달성군 가창면 정대리 64번지
편의시설,대구광역시 달성군 가창면 정대리 65번지
편의시설,대구광역시 달성군 가창면 냉천리 2-15번지
편의시설,대구광역시 달성군 가창면 냉천리 2-16번지
편의시설,대구광역시 달성군 가창면 냉천리 2-17번지
편의시설,대구광역시 달성군 가창면 냉천리 2-18번지
편의시설,대구광역시 달성군 가창면 냉천리 2-19번지
편의시설,대구광역시 달성군 가창면 냉천리 2-20번지
편의시설,대구광역시 달성군 가창면 냉천리 2-21번지
주거지,대구광역시 달성군 가창면 행정리 55번지
주거지,대구광역시 달성군 가창면 행정리 56번지
주거지,대구광역시 달성군 가창면 행정리 58번지
주거지,대구광역시 달성군 가창면 행정리 79번지
주거지,대구광역시 달성군 가창면 행정리 82번지
주거지,대구광역시 달성군 가창면 상원리 34-2번지
농축산업시설,대구광역시 달성군 가창면 상원리 36번지
주거지,대구광역시 달성군 가창면 상원리 39번지
주거지,대구광역시 달성군 가창면 상원리 42-2번지
주거지,대구광역시 달성군 가창면 상원리 43번지
농축산업시설,대구광역시 달성군 가창면 단산리 46번지
농축산업시설,대구광역시 달성군 가창면 단산리 56번지
농축산업시설,대구광역시 달성군 가창면 단산리 220-1번지
주거지,대구광역시 달성군 가창면 단산리 221번지
주거지,대구광역시 달성군 가창면 단산리 222-2번지
주거지,대구광역시 달성군 가창면 단산리 230-2번지
주거지,대구광역시 달성군 가창면 대일리 11-1번지
농축산업시설,대구광역시 달성군 가창면 대일리 11-2번지
편의시설,대구광역시 달성군 가창면 대일리 18-1번지
주거지,대구광역시 달성군 가창면 대일리 22-4번지
주거지,대구광역시 달성군 가창면 주리 1-4번지
문화및집회시설,대구광역시 달성군 가창면 주리 3-2번지
주거지,대구광역시 달성군 가창면 주리 4-2번지
편의시설,대구광역시 달성군 가창면 주리 5-2번지
편의시설,대구광역시 달성군 가창면 주리 6-2번지
주거지,대구광역시 달성군 가창면 주리 7-2번지
주거지,대구광역시 달성군 가창면 옥분리 10번지
농축산업시설,대구광역시 달성군 가창면 옥분리 10-2번지
주거지,대구광역시 달성군 가창면 옥분리 41번지
농축산업시설,대구광역시 달성군 가창면 옥분리 44번지
편의시설,대구광역시 달성군 가창면 옥분리 60번지
농축산업시설,대구광역시 달성군 가창면 옥분리 64번지
농축산업시설,대구광역시 달성군 가창면 삼산리 14번지
편의시설,대구광역시 달성군 가창면 삼산리 35-1번지
편의시설,대구광역시 달성군 가창면 삼산리 47번지
주거지,대구광역시 달성군 가창면 삼산리 50번지
주거지,대구광역시 달성군 가창면 삼산리 52번지
주거지,대구광역시 달성군 가창면 삼산리 53번지
창고시설,대구광역시 달성군 가창면 삼산리 60번지
주거지,대구광역시 달성군 가창면 삼산리 64번지
편의시설,대구광역시 달성군 가창면 삼산리 65번지
주거지,대구광역시 달성군 가창면 삼산리 66번지
주거지,대구광역시 달성군 가창면 우록리 5번지
편의시설,대구광역시 달성군 가창면 우록리 8-1번지
주거지,대구광역시 달성군 가창면 우록리 10번지
주거지,대구광역시 달성군 가창면 우록리 14번지
편의시설,대구광역시 달성군 가창면 우록리 22번지
주거지,대구광역시 달성군 가창면 우록리 23-1번지
농축산업시설,대구광역시 달성군 하빈면 하산리 1-1번지
주거지,대구광역시 달성군 하빈면 하산리 4번지
편의시설,대구광역시 달성군 하빈면 하산리 5번지
편의시설,대구광역시 달성군 하빈면 하산리 36번지
자원순환관련시설,대구광역시 달성군 하빈면 하산리 37번지
편의시설,대구광역시 달성군 하빈면 하산리 44번지
농축산업시설,대구광역시 달성군 하빈면 하산리 44-1번지
편의시설,대구광역시 달성군 하빈면 하산리 77-1번지
편의시설,대구광역시 달성군 하빈면 하산리 77-4번지
편의시설,대구광역시 달성군 하빈면 묘리 4번지
주거지,대구광역시 달성군 하빈면 묘리 20번지
편의시설,대구광역시 달성군 하빈면 묘리 55번지
농축산업시설,대구광역시 달성군 하빈면 묘리 66번지
창고시설,대구광역시 달성군 하빈면 묘리 67번지
농축산업시설,대구광역시 달성군 하빈면 묘리 70번지
농축산업시설,대구광역시 달성군 하빈면 묘리 75번지
주거지,대구광역시 달성군 하빈면 묘리 89-2번지
주거지,대구광역시 달성군 하빈면 기곡리 3번지
주거지,대구광역시 달성군 하빈면 기곡리 4-1번지
주거지,대구광역시 달성군 하빈면 기곡리 5번지
주거지,대구광역시 달성군 하빈면 기곡리 6번지
주거지,대구광역시 달성군 하빈면 기곡리 7번지
주거지,대구광역시 달성군 하빈면 기곡리 9번지
주거지,대구광역시 달성군 하빈면 기곡리 9-1번지
창고시설,대구광역시 달성군 하빈면 기곡리 11-1번지
주거지,대구광역시 달성군 하빈면 기곡리 14번지
주거지,대구광역시 달성군 하빈면 기곡리 15번지
주거지,대구광역시 달성군 하빈면 대평리 12번지
주거지,대구광역시 달성군 하빈면 대평리 13번지
주거지,대구광역시 달성군 하빈면 대평리 15번지
주거지,대구광역시 달성군 하빈면 대평리 16번지
주거지,대구광역시 달성군 하빈면 대평리 17번지
주거지,대구광역시 달성군 하빈면 대평리 23번지
주거지,대구광역시 달성군 하빈면 대평리 26번지
주거지,대구광역시 달성군 하빈면 대평리 27번지
주거지,대구광역시 달성군 하빈면 무등리 96번지
농축산업시설,대구광역시 달성군 하빈면 무등리 189-2번지
농축산업시설,대구광역시 달성군 하빈면 무등리 190-3번지
편의시설,대구광역시 달성군 하빈면 무등리 226번지
농축산업시설,대구광역시 달성군 하빈면 무등리 265번지
농축산업시설,대구광역시 달성군 하빈면 무등리 271번지
농축산업시설,대구광역시 달성군 하빈면 무등리 290번지
농축산업시설,대구광역시 달성군 하빈면 현내리 18-1번지
님비시설,대구광역시 달성군 하빈면 현내리 18-6번지
주거지,대구광역시 달성군 하빈면 현내리 23-2번지
주거지,대구광역시 달성군 하빈면 현내리 23-3번지
주거지,대구광역시 달성군 하빈면 현내리 25-1번지
주거지,대구광역시 달성군 하빈면 현내리 25-2번지
주거지,대구광역시 달성군 하빈면 현내리 25-3번지
주거지,대구광역시 달성군 하빈면 감문리 1-2번지
주거지,대구광역시 달성군 하빈면 감문리 5번지
주거지,대구광역시 달성군 하빈면 감문리 69-2번지
편의시설,대구광역시 달성군 하빈면 감문리 70번지
편의시설,대구광역시 달성군 하빈면 감문리 79-1번지
편의시설,대구광역시 달성군 하빈면 감문리 80번지
편의시설,대구광역시 달성군 하빈면 감문리 80-1번지
주거지,대구광역시 달성군 하빈면 감문리 81-1번지
주거지,대구광역시 달성군 하빈면 감문리 81-2번지
편의시설,대구광역시 달성군 하빈면 감문리 82번지
주거지,대구광역시 달성군 하빈면 동곡리 5번지
편의시설,대구광역시 달성군 하빈면 동곡리 10-1번지
편의시설,대구광역시 달성군 하빈면 동곡리 13-3번지
주거지,대구광역시 달성군 하빈면 동곡리 14-1번지
주거지,대구광역시 달성군 하빈면 동곡리 14-2번지
주거지,대구광역시 달성군 하빈면 동곡리 16번지
편의시설,대구광역시 달성군 하빈면 동곡리 16-7번지
창고시설,대구광역시 달성군 하빈면 동곡리 18-1번지
편의시설,대구광역시 달성군 하빈면 동곡리 18-2번지
주거지,대구광역시 달성군 하빈면 동곡리 18-3번지
창고시설,대구광역시 달성군 하빈면 봉촌리 4-1번지
생산시설,대구광역시 달성군 하빈면 봉촌리 7번지
님비시설,대구광역시 달성군 하빈면 봉촌리 8-3번지
주거지,대구광역시 달성군 하빈면 봉촌리 8-7번지
생산시설,대구광역시 달성군 하빈면 봉촌리 10번지
생산시설,대구광역시 달성군 하빈면 봉촌리 11번지
생산시설,대구광역시 달성군 하빈면 봉촌리 11-1번지
편의시설,대구광역시 달성군 하빈면 봉촌리 12번지
편의시설,대구광역시 달성군 하빈면 봉촌리 12-3번지
주거지,대구광역시 달성군 구지면 창리 1-1번지
생산시설,대구광역시 달성군 구지면 창리 2-2번지
창고시설,대구광역시 달성군 구지면 창리 7-3번지
편의시설,대구광역시 달성군 구지면 창리 7-8번지
편의시설,대구광역시 달성군 구지면 창리 8-4번지
편의시설,대구광역시 달성군 구지면 창리 12-1번지
편의시설,대구광역시 달성군 구지면 창리 199-2번지
편의시설,대구광역시 달성군 구지면 창리 204번지
편의시설,대구광역시 달성군 구지면 창리 210번지
주거지,대구광역시 달성군 구지면 응암리 20-1번지
편의시설,대구광역시 달성군 구지면 응암리 20-2번지
농축산업시설,대구광역시 달성군 구지면 응암리 20-3번지
주거지,대구광역시 달성군 구지면 응암리 20-4번지
농축산업시설,대구광역시 달성군 구지면 응암리 21번지
주거지,대구광역시 달성군 구지면 응암리 24-1번지
주거지,대구광역시 달성군 구지면 응암리 24-3번지
주거지,대구광역시 달성군 구지면 응암리 26-6번지
주거지,대구광역시 달성군 구지면 응암리 28번지
창고시설,대구광역시 달성군 구지면 고봉리
창고시설,대구광역시 달성군 구지면 고봉리 114번지
창고시설,대구광역시 달성군 구지면 고봉리 116번지
주거지,대구광역시 달성군 구지면 고봉리 119-1번지
주거지,대구광역시 달성군 구지면 고봉리 119-2번지
편의시설,대구광역시 달성군 구지면 가천리 2-7번지
편의시설,대구광역시 달성군 구지면 가천리 2-8번지
편의시설,대구광역시 달성군 구지면 가천리 2-9번지
창고시설,대구광역시 달성군 구지면 가천리 2-10번지
편의시설,대구광역시 달성군 구지면 가천리 2-17번지
편의시설,대구광역시 달성군 구지면 가천리 3-4번지
편의시설,대구광역시 달성군 구지면 가천리 5번지
편의시설,대구광역시 달성군 구지면 평촌리 2-5번지
주거지,대구광역시 달성군 구지면 평촌리 2-8번지
편의시설,대구광역시 달성군 구지면 평촌리 3-5번지
주거지,대구광역시 달성군 구지면 평촌리 3-6번지
주거지,대구광역시 달성군 구지면 평촌리 3-7번지
편의시설,대구광역시 달성군 구지면 평촌리 4-2번지
편의시설,대구광역시 달성군 구지면 평촌리 5-1번지
주거지,대구광역시 달성군 구지면 평촌리 6-3번지
주거지,대구광역시 달성군 구지면 평촌리 7번지
주거지,대구광역시 달성군 구지면 평촌리 8-2번지
창고시설,대구광역시 달성군 구지면 예현리 119번지
생산시설,대구광역시 달성군 구지면 예현리 120-1번지
님비시설,대구광역시 달성군 구지면 예현리 122-3번지
편의시설,대구광역시 달성군 구지면 예현리 122-5번지
편의시설,대구광역시 달성군 구지면 예현리 135번지
생산시설,대구광역시 달성군 구지면 예현리 140-4번지
창고시설,대구광역시 달성군 구지면 예현리 141-4번지
주거지,대구광역시 달성군 구지면 예현리 141-6번지
주거지,대구광역시 달성군 구지면 예현리 142-3번지
편의시설,대구광역시 달성군 구지면 유산리 10-3번지
편의시설,대구광역시 달성군 구지면 유산리 71번지
농축산업시설,대구광역시 달성군 구지면 유산리 88-2번지
주거지,대구광역시 달성군 구지면 유산리 100-2번지
주거지,대구광역시 달성군 구지면 유산리 102번지
주거지,대구광역시 달성군 구지면 유산리 105-1번지
편의시설,대구광역시 달성군 구지면 유산리 106-2번지
농축산업시설,대구광역시 달성군 구지면 목단리 106-1번지
주거지,대구광역시 달성군 구지면 목단리 106-4번지
창고시설,대구광역시 달성군 구지면 목단리 107-1번지
편의시설,대구광역시 달성군 구지면 목단리 111-4번지
편의시설,대구광역시 달성군 구지면 목단리 120번지
편의시설,대구광역시 달성군 구지면 목단리 155-4번지
편의시설,대구광역시 달성군 구지면 목단리 155-6번지
편의시설,대구광역시 달성군 구지면 목단리 155-7번지
창고시설,대구광역시 달성군 구지면 대암리 7-97번지
주거지,대구광역시 달성군 구지면 대암리 97번지
주거지,대구광역시 달성군 구지면 대암리 98번지
주거지,대구광역시 달성군 구지면 대암리 101번지
창고시설,대구광역시 달성군 구지면 내리 77-4번지
주거지,대구광역시 달성군 구지면 내리 78-2번지
주거지,대구광역시 달성군 구지면 내리 79-1번지
주거지,대구광역시 달성군 구지면 내리 82번지
주거지,대구광역시 달성군 구지면 내리 82-2번지
주거지,대구광역시 달성군 구지면 내리 83번지
주거지,대구광역시 달성군 구지면 내리 83-1번지
주거지,대구광역시 달성군 구지면 내리 84-1번지
주거지,대구광역시 달성군 구지면 화산리 6번지
주거지,대구광역시 달성군 구지면 화산리 6-1번지
주거지,대구광역시 달성군 구지면 화산리 6-3번지
주거지,대구광역시 달성군 구지면 화산리 7번지
창고시설,대구광역시 달성군 구지면 화산리 13-1번지
주거지,대구광역시 달성군 구지면 화산리 13-2번지
주거지,대구광역시 달성군 구지면 화산리 43번지
편의시설,대구광역시 달성군 구지면 화산리 101번지
주거지,대구광역시 달성군 구지면 화산리 106번지
창고시설,대구광역시 달성군 구지면 수리리 21번지
주거지,대구광역시 달성군 구지면 수리리 29번지
농축산업시설,대구광역시 달성군 구지면 수리리 46번지
농축산업시설,대구광역시 달성군 구지면 수리리 46-1번지
주거지,대구광역시 달성군 구지면 수리리 48번지
주거지,대구광역시 달성군 구지면 수리리 53번지
주거지,대구광역시 달성군 구지면 수리리 56번지
주거지,대구광역시 달성군 구지면 수리리 58번지
창고시설,대구광역시 달성군 구지면 수리리 91번지
주거지,대구광역시 달성군 구지면 징리 17-1번지
주거지,대구광역시 달성군 구지면 징리 25번지
주거지,대구광역시 달성군 구지면 징리 29번지
주거지,대구광역시 달성군 구지면 징리 30번지
농축산업시설,대구광역시 달성군 구지면 징리 32번지
주거지,대구광역시 달성군 구지면 징리 42번지
농축산업시설,대구광역시 달성군 구지면 징리 45번지
편의시설,대구광역시 달성군 구지면 징리 46번지
농축산업시설,대구광역시 달성군 구지면 오설리 66번지
주거지,대구광역시 달성군 구지면 오설리 125-2번지
주거지,대구광역시 달성군 구지면 오설리 129번지
주거지,대구광역시 달성군 구지면 오설리 131번지
농축산업시설,대구광역시 달성군 구지면 오설리 131-1번지
주거지,대구광역시 달성군 구지면 오설리 131-2번지
교육연구시설,대구광역시 달성군 구지면 도동리 35번지
주거지,대구광역시 달성군 구지면 도동리 54번지
창고시설,대구광역시 달성군 구지면 도동리 54-1번지
편의시설,대구광역시 달성군 구지면 도동리 65번지
주거지,대구광역시 달성군 구지면 도동리 69번지
